id	document	label
1	음악과 영상이 너무 좋았고 스토리도 기가 막혔습니다.세번째 보는데도 너무 재밌고 또보고 싶네요	1
2	감동이네요~ ! ^___^	1
3	콘돔이 이렇게 위험한 결말이 탄생하다니	1
4	와.. 이것이 영화인가.... 눈 배림	0
5	뭐 이런 영화가 다 있냐...	1
6	인실좆 판타지의 발칙함.	0
7	억지로 운동권을 미화한 느낌.가족애를 소재로 넣은 것이 그나마 감동을 유지.	0
8	귀신에 놀라 암이 완치 되었습니다.	0
9	후기가 알바인가 싶을정도뭔가싶고 불편한부분도 있었네요 아름다움으로 꾸며보고싶어하는거같았지만 무튼 별로에요	0
10	미쳤다 노잼수준 유치하고	0
11	결혼에대한 무섭고 무거운 인식을 풀어줄 법한 가족영화, 어지러운 스토리 연출 아쉽다..	0
12	초등학생 때 매일 집에서 비디오로 돌려봐도 질리지 않았다. 서른 중반,  어제 오랜만에 또 봤는데 노래 다 기억나고 감동과 재미가 어릴 때 본것 보다 다섯배다. 너무나 아름답고, 고결하며, 사랑과 진실함과 따뜻함과 웃음이 가득한 영화! 인류 영화계에 길이 남을 명작!	1
13	국제결혼의 OO점을 알리는 영화	0
14	재밌다 웃기고 극장에서봄ㅋㅋ	1
15	절때보지마셈 최악임 억지같은다 이걸 보라만든거임	0
16	요즘 아동 성추행 조두순 출소로 인해  시끄러웠는데 영화를 보고 생각이  많아졌습니다. 배우님들의 연기를 보고 화가 나기도 하고 대체 어른들은 뭘하는걸까 하는 미안함도 함께 했습니다. 사회가 피해자를 보호하고 법이 그들 편에 서서 마음편히 살수 있는 생활을 꿈꿔봅니다. 화이팅~~	1
17	별생각없이 봤는데 정말 재밌게봤네요	1
18	일본 원작을 굉장히 감동깊게 봤었습니다. 인생 영화중의 하나로 꼽을 수 있을만큼 말이죠.리메이크한다는 말을 듣고 무조건 봐야겠다 생각했고 그래서 봤습니다.원작과 비교없이 순수하게 한국영화로만 생각하며 보자.라고 마음먹었고요.솔직히 중반까지 괜찮았어요. 한지민의 시크한 조제 연기 굉장히 잘 어울리고 남주혁 괜찮았고.아..근데 이건 좀 아니죠.원작하고 비교해서가 아니라 이건 그냥 연출력이 부족한거예요.중반이후로 영화속 인물들에게 감정이입이 안되요. 진짜로요.영상미가 있다느니 주인공들 연기가 좋다드니 이건 모두 알바 소행입니다.이 영화는 감정이입하며 보는 영화예요. 그런 영화에 영상미, 연기? 이딴건 그냥 부가적인 요소일뿐이고요.보고 나오면서 너무 안타깝더라고요.왜 이렇게 만들었을까....원작과 거리를 두려 일부러 이랬나 싶기도 하고.	1
19	그린일베 지능낮은 개이버 극우들이 싫어할 아주 멋진영화	1
20	중국 자본 들어갔냐?중국을 너무 빠네	0
21	청소년들이 꼭 봐야할 영화인 거 같아요. 태아 생명의 소중함을 깨닫게 됐어요.	1
22	참신한 소재. 초중반까지의 긴박한 전개가 정말 마음에 들었어요!	1
23	이번 코난이 가장 재미있었던 듯 해요.그런데 마지막에 눈사태가 일어난 것은 좀 과장_어쨌든 재밌게 봤고요.코난 좋아하는 분들에게 강추 합니다.	1
24	감동적입니다.눈물 시원하게 흘렸네요..부모님께 효도 해야 겠어요..	1
25	이 영화를 보고 제이크 질렌할의 팬 이 되었다 스릴러와 가장 잘 어울리는 배우	1
26	목적없는 생에 이리저리 흘러가는 두 사람의 만남.하나는 연애놀음으로  하나는 거짓말로 자신들의 공허와 두려움을 채우지만.. 오랜만에 눈물샘을 자극하는 영화. 조제의 삶이 얼마나 외로웠을까..영석이 얼마나 맘에 가책을 받았을까..	1
27	왜 보면서 자꾸 눈물이 나지 .. 어릴때 추억이 생각나서 그런건가	1
28	오늘 티비에서 하길래 정말 오랫만에 다시 봤네요. 오늘도 눈물 주루륵 ㅠ	1
29	잔잔하지만 긴장감 있는 연출로 끝까지 집중하게 만듦 장면 하나하나 복선이 숨어있어 집중해서 봐야됨 제이크 질렌할과 휴잭맨 연기 때문에 누구도 편을 들 수가 없다	1
30	적절하게 운대가 들어맞는	1
31	학교에서 틀어준 영화에서는 탑인것 같다. 어제 봤는데 애들이 학교에서 단체로 영화에 집중해서 본건 처음인듯. 48번 라이언 고슬링만 보여ㅠㅠ대사가 너무 없었음ㅠㅠ	1
32	스토리는 솔직히말해 진부했지만 절정에 이르기까지의 열연과 음악선정 연출등으로 관객에게 최대한의긴장감과 수수께끼가 풀려가는 즐거움을 주기위한노력이 돋보인다. 또한 요즘같이 나가고싶어도나가지못하는 이런 시기에 나의 집, 가족이 가장 두려운 존재로 다가오는 것이 신선해서 좋다고 생각한다.	1
33	잘 모르겠다. 다만 하비에르 바르뎀의 사이코 연기와 보는 내내 다음은 어떻게 되는데? 세 사람이 어떻게 연결시킬건데? 라는 호기심을 일으킨 것은 만족스럽다. 그래도 결말은 잘 모르겠다.	1
34	전종서 배우 연기 처음보는데 정말 소름끼쳤음.	1
35	free hongkong	0
36	WWE 프로 레슬링  광팬으로써  더락  행님의   리즈  시절  화끈한 액션씬과 강렬한 카리스마와  특유의 말빨 이 종합 3종세트를 다 한꺼번에 다 보게되다니 축복 받은거라 았싸라비아 ~~ 너무 꿀 재미있게 잘 즐겨 봤습니다내 인생 최고의 영화였음믿고 보는 흥행의 제조기 더락 행님 개멋찌넹더락 행님 작품이면 꼭 다 챙겨 봐야지행님의 분노가 카지노를 한방에 다 뒤엎어버리넹 레알 지렸다 ~~실화를 바탕으로 제작한 영화라 더 감명 깊었고 감동 묵었고더욱 짠했다 마이 배우고 가네	1
37	뭐지 이게 . ..왜 이게 9점일까 .. .  30년전이라 그런건가 . ...그때는 잼있는 영화였나보다 .. .	0
38	우리나라에서도 이런 오락영화가 있었다니 근래에 나오는 영화들보다 훨씬 재밌다	1
39	가볍게 보기 최고 적당히 유머도 있고 재밌다	1
40	진짜 태어나서 본 영화중 제일 쓰레기하지말란건 좀 하지말고하란건 좀해라 진짜	0
41	만화를 영화로 제작했다는데 흥미있었는데 스케일도 크고 볼거리가 많고 재밌었어요	1
42	여기 벨 아버지로나온 양반이 우리사장님같아서 짜증	1
43	선넘은 영화 과유불급 그래도 잘만들긴한다	1
44	영드도 좋고 이영화도 좋고	1
45	천재라고 불리기전 그도 그저 사람일뿐인데	1
46	좋다. 산타의 기원인가? ㅎㅎㅎ	1
47	오랜만에 감명깊음 감독의 영화에 대한 애정도 느껴지는 수작	1
48	간만에 재밌는 영화~ 어쩜 이리도 연기들을 잘하누	1
49	그냥 뻔하디 뻔한 스토리. 주인공은 근본도 없이 세상 무서운 줄 모르고 조폭들에게 날뛰는데 주인공 버프로 흘러가는 스토리 개연성.	0
50	진짜 지브리 작품은 보면서 힐링받는 기분이 제대로 든다. 가끔 잃어버린 동심을 되찾는 느낌?	1
51	감동적이었습니다. 몰랐던 진리를 알게 되어서 감사드립니다.	1
52	연상효과란.. 겨울=이별=죽음=망각=러브레터=희망	1
53	우리 역시 깊이 생각해야한다.생명의 존엄성은 정치.경제.이념과 사상의 충돌을 떠나야한다.다 잃어도 잃지말아야 할 것이 있다.	1
54	마지막에 성동일이 통장까지 가지고있는데 정보를 모른다는게 말이 안되네	1
55	최근 본 영화중에 제일 재밌었어요 웃긴데 공포 완전 좋음 ㅜㅜㅜㅜ	1
56	이런 영화의 존재를 몰랐다는게 아쉽다. 꼭 한번씩 보세요. 살아가는데 새로운 시각과 자세를 생각하게 됩니다.	1
57	이걸 10살때 엄마가 틀어줘서 처음봤는데 아직도 계속 돌려보고있음 내 인생영화.판틴의 노래과 자베르가 부르는 노래가 제일 감동적이였음... 정말 몇십번은 본거같애...배우들 라인도 다외움 ㅠㅜㅠ꼭 봐	1
58	간만에 괜찮은 영화 발견!! 연기 스토리 너무좋고 크리스마스 연말에 딱좋은영화네요 많이 웃고 울지만 기분좋아지는영화입니다	1
59	소원이가  잘 자라고 있기를 진심으로 바랍니다..	1
60	이 시대에 젊은이들이 꼭 봐야할 영화임다	1
61	just "LEGEND"	1
62	재미도 감동도 모두 잡은 영화	1
63	잘만든 SF영화 명작당신이 다시 볼 때 마다 또 감탄하게된다	1
64	요즘같이 숨이 막힐만큼 많은정보의 홍수속에서는 정보수용 통로가 때론 치명적인장애가 될수도있다. 인간이 행복한 피안의세계를 느낄려면 많은수양과 큰댓가가 필요할것이리라. 많은 소중한것을 잃어버릴수 밖에 없다는것을 느낄때까지는...	1
65	작가가 글을 쓰고, 감독이 연출을하고, 배우가 연기를 하는 동안... 누구하나 이게 개연성에 문제가 있다고 생각하지 않은거야?넷플릭스 한국 영화는 무조건 거르자.	0
66	진짜 예상치도 못한 방향으로 이야기가 전개되곤 하는데 그게 나쁘지가 않음 ㅋㅋ 생각없이 웃음이 필요할때 찾으면 좋은 킬링타임 영화. 다만 ㅅ드립이 많아서 가족들과 같이 본다면 민망할 수 있음 ㅋㅋ	1
67	드리스가 불법주정차 한 사람 패서 쫓아낼때가 개꿀잼ㅋㅋㅋ	1
68	몇 번을 본 건지 셀 수가 없다	1
69	아이의 순수한 마음을 가진 수퍼히어로~이야기도 재미있으면서 감동도 있는 영화였어요.강력 추천이요	1
70	공포물을 원한다면 안보길 권장한다.2까지 나올정도면 재미있겠구나 싶어서 봤지만~~////호불호가 강한영화라고는 하지만 어째 감상평들은 저리 좋은지?	0
71	진짜 리얼하다 하정우는 착한 선임이다..	1
72	새로은이야기에  예츠익하기 힘든 전개로 시시해짐없이 재미나게 본요	1
73	흑흑레전드다 진짜..	1
74	사랑은 이해하겠는데, 목숨은 이해를 못하겠음	1
75	현실의 여경은 개판인거 다 아는데 굳이 이런남자는 무능력하고 여자가 다 때려잡는 개같은 여성향 영화는 왜 만드는거냐? 이걸 또 평점 9점대로 만드는 니네들은 뭐냐? 진짜 한국영화의 미래가 밝다...	0
76	코미디 영화 안 좋아하는데 재밌네요	1
77	불편하고 답이 없어 보이는 주제의 갈등이지만 무겁지 않고 유쾌하게 풀어 냈다. 가족 내 갈등 원인은 사건이 문제가 아니고 가족이 서로 사랑하고 아끼는 마음이 커서 발생한다. 서로 관심이 없다면 갈등 자체가 일어나지 않는다.	1
78	영상미 좋아요 다쿠스터리 좋음	1
79	임수정의 아름다움이 절정에..  근데 위스키 한 병을 못 이긴다니.. 그게 인간이긴 하지만.	1
80	요즘에도 이런 따뜻하면서도 지루하지않는 영화들이 많이 나오면 좋겠다ㅠㅠ 힘들고 불우한환경의 주인공을 행복하게 해준 따뜻한 영화ㅠㅠㅠ	1
81	10년전 프랑스가 지금의 한국이다프랑스는 10년이 지난 지금 얼마나 달라졌을지 궁금해지는 영화범세계적으로 부부가 반드시 봐야할 영화 ㅎ	1
82	현재 상황과 너무 비슷해서 정말 놀래면서 봤네요....이놈의 바이러스 정말 무섭네요.... 다들 마스크 잘 쓰고 다니시고 사람들 많은데 다니지 맙시다ㅠ	1
83	재밌다 확실히 재밌다 이해하면서 보는맛이있다	1
84	진짜 두번다신 있어서 안되는 일. 소원이가 신고하는 순간부터 내내 눈물흘렸어요. ㅠㅠ	1
85	네일 받으면서 네일언니가 틀어줘서 봤는데 이거 본다고 넘 집중해서 네일 끝난지도 몰랐음 끝나고 네일샵에서 더 보다감 ㅋㅋ	1
86	정말 저랑 똑같네욬ㅋㅋㅋ	1
87	모든 상황과 대사가 현실적이라가슴에 더욱 사무친다...나와 가족에 대해 생각하게 되는 영화	1
88	너무 재밌다 너무 재밌다 있다	1
89	보는내내 눈물만 주룩주룩 ㅠㅠ 진짜 명영화	1
90	이 소재로 이런거밖에 못만든 감독은 솔직히 감독 그만둬야함모든 범죄가 허용되는 단 하루의 날이라는 소재로 나홀로집에를 찍는다고? ㅋㅋㅋ	0
91	조두순 진짜 감옥에 더 처넣어야 한다.	1
92	결혼전에 봐야할 영화!  예비신랑이 있다면 같이보고 많은 대화가 필요한 영화!	1
93	유지인은 늙지도 않네	0
94	b급같았으나 의외로 연기나 스릴은 괜찮음	1
95	광해 이전의 이병헌과 광해 이후의 이병헌은 모든면에서 다르고 틀리다	1
96	몸에서 사리 나올뻔. 혹시 해탈한 사람 있나?	0
97	이 영화 정말 강추에요! 후회하지 않습니다.^^영화를 보면....우리나라의 미래가 걱정됩니다.낙태를 허용하면..한국은 인구절벽이 심화되어 OECD 경제력 최하위 국가가 됩니다.그리고 미성년의 문란함과 성인의 불륜이 많아져 문란한 시대의 배경을 제공하고 가정은 흔들리게 됩니다.대한민국의 국가발전과 건강한 사회를 위해서도 낙태를 허용해서는 안됩니다.	1
98	요즘 유튜브 하는 사람들이랑 머가 다르냐?가만보니 우리나라도 소시오패스가 그럼 수십만이네	1
99	영화 "조커" 원작격인듯.	1
100	나는 동주랑 옥주의 삶을 똑같이 산 것도 아닌데 마치 꼭닮은 여름을 보낸 것 같은 기분이 들었다. 그리고 옥주가 화가 나거나 감정을 주체할 수 없을 때마다 자전거를 끌고 나가는 모습이 나같아서 공감이 많이 갔다. 나의 어느 여름 날엔 중국인 룸메이트 언니가 처음으로 서울에서 자전거를 타는 법을 알려줬는데ㅠㅠ...언니가 중국으로 떠나고 나서는 언니 뒷바퀴에 내 앞바퀴를 바싹 붙여가며 따라가는 일은 없어졌지만 언니랑 갔던 미술관까지 혼자서 가게됐다고... 말해줄걸 그랬어...!	1
101	나의  힐링영화~~시골가서  살고  싶다	1
102	'괜찮다'고 말해주는것 같았습니다 '미소'라는 인물은 우리 청춘들속에 존재하지 않으니 더욱 고귀한 존재같았어요. 구질구질한 현실에 맞서 하루하루 전전해도 끝까지 자기 자신을 잃지않으려는 용기,극중에서 담배와 위스키는 자기자신에 대한 최고의 위로이자 굳은 의지였죠. 우리가 살아가면서 한번쯤은 고민해볼수 있는 문제를 제시하는 영화였어요	1
103	그냥 광고 방송 같은 느낌	0
104	나오지 말았어야할 속편.	0
105	독립영화 치고는 잘 만들었네.. 마지막 반전이 재미있었다	1
106	사실 출연 배우들만 보면 이 정도밖에 안되나 하고 아쉬운 생각이 드는게 사실 입니다만, 역사적 사실을 알려준 것에 대해 높게 평가 합니다	1
107	개꿀잼 아니고 개꿀잠.	0
108	이것은 재밌는만큼 어려운것일까, 어려운만큼 재밌는것일까?	1
109	여태 별탈없이 살아온 인생에 감사함을 느끼게해 준 영화~	1
110	너무 기대를 했던 것 같음...	0
111	진짜로 개띵작임 ㄹㅇ 평점 생각보다 낮게나와서 놀람	1
112	소리 지르는거 듣기싫은 최악의 영화 시간이 아깝다이런영화 안만들었으면 좋겠음	0
113	내용은 뉴52 샤잠 오리진이랑 거의 같아서 나쁘진 않은데 문제는 15살이 변신을 하면 5살이 되는거 같다	0
114	뛰어난 영상미와 배역에 잘 어우러진 배우들 특히 한지민의 절제력있는 조제 연기가 큰 울림을 주었다.	1
115	내가 죽던 날을 보고 난후 잠을 이루지 못할 정도로 긴 여운이 남았었다 역시 김혜수다! 추운날 보기 딱 좋은 영화인듯 강추합니다	1
116	대길이 나오는 영화에 안젤리나 졸라이쁨.안젤리나 이쁜거밖에 기억안남	1
117	이런 서사구조를 만들어낸다는게 놀랍다..	1
118	1점도 아까운 영화.무슨의도로 이런영화가 세상에 나왔을까	0
119	토요일 새벽에 께서 잠이 안와 듣기시작한 성기경 노래가 영화까지 보게 만들었다.근 10년간 울기 싫어 안보았는데 역시 영상 연기 OST 까지 완벽하다.아직도 안봤다면 꼭 추천한다. 특히 새벽이나. 늦은 밤에 보길 바란다.	1
120	첨부터 끝까지 유치해요	0
121	인생 영화다. 차갑지만 뜨겁다. 철로된 끈보다는 나노 입자로 된 아주 가는 끈이 이 영화와 나를 잇고 있는 기분이다.	1
122	보는 내내 즐거움과 행복이 가득해지는매우 재밌는 로맨틱 코메디 영화입니다.OST도 일품!젊은 시절의 정재영과 풋풋함이 남아있는이나영을 볼 수 있습니다.^~^모두에게는 항상  '아는 여자' 있었고, 지금도 존재합니다.아는 여자와함께 행복한 삶을 꿈 꾸어보시길 바라며...	1
123	너무 지루함. 스토리 안치밀 . 우울. 독립영화딱 그수준.	0
124	간만에 웃었습니다역시 양동근씨 멋지세요	1
125	진짜 연기력들 징~하다 , 남주 어린꼬마애 억지 오바연기부터 성장한 남주 또한 억지오바연기에 억지 가식미소;;;와;~ 무슨 일반인들 가져다쓰는줄;;;;	0
126	대사대신 눈빛과 행동.생활 소음으로 모든걸 다 얘기한다. 가슴아픈 현실을 아주 담담하게 보여주는 영화로  묵직한 감동의 여운이 짙다.	1
127	개인적 취향으로 너무너무 좋았던 영화에요지나칠 수 있는 사소한 것에서 영감을 얻어 작품으로 녹여내는 그런 연출이 참 좋네요 독일이 보여주는 감성 장르가 이런게 아닐까요 ㅎ	1
128	다음세대가 사라질 위기, 낙태사업, 생명경시 풍조에 경종을 울리는..실화에기반한 감동적인 영화입니다.	1
129	참으로 귀한 영화가 아닐 수 없습니다.온 국민들이 다 같이 함께 보길 소망합니다.	1
130	느금....마사....	0
131	초반살짝볼만하다후반부정말너무졸립네요	0
132	'원치않는 임신을 줄여 여성을 보호하자'는 좋은 마음으로 달려가던,낙태 세일즈의 길에서 돌이켜 자신의 전  근무처 밖에서,한사람이라도 낙태하지않도록 설득하며 옳은 길을 밝혀주는 빛이 된다.강추요15세 관람가	1
133	말 좀 되게 스토리를 써라.	0
134	모든게 잘 조화로운 정말 너무 좋은 영화에요! 배우들에 톡톡튀는 연기도 너무 사랑스럽고 기분좋아지는 영화!	1
135	웃기면서도 씁쓸한 영화. 요즘 분위기에 교수님 고소감이네 ㅋㅋㅋ	1
136	애플주식 사라고 했음 해피엔딩 아니냐	1
137	아주 잘봤습니다.^o^	1
138	파인애플, 부엉이, 안경 쓴 애벌레..	1
139	7년 전에 볼 때 이런 사회 부조리에 마음이 쓸쓸했는데 7년이 지나서 보니 그런 마음이 별로 안 느껴지네요 잘하는 일 입니까 질문에 잘 한다고 믿는게 중요하지 명대사입니다	1
140	솔직히 이거도 영화냐?내용개연성 전혀없고 완전 노잼에 손발오글거리는 저질영화.영화제작비가 아깝다.돈이 남아돌아서 이런영화 자꾸 만드는건지 이런영화를 관객이 수고롭게 극장까지가서 돈주고 보고싶게 하고 싶나요?	0
141	마지막에 뭐냐? 시나리오 완성도가 이렇게 떨어지는 B급 영화를 추천하는 것이 이상하다. 날다가 떨지다가 끝난다. 헐. 허무해.	0
142	평점 처음써봄 일단 영화 내용 자체는 말도안함뭐라 할말도 없음 내용이 ....근데 배우마다 배역이 진짜.. 이 배우를 왜 여기다가 썻는지 도통 이해가 안감 촬영하면서도 이상하다는 느낌을 받지 못했을까..?.. 라는 생각까지드는 신비한 영화..	0
143	허접하고 조잡하고 치졸하고 부끄럽고	0
144	진정한 '생명존중', '사람중심'의 의미를 깨닫게 하는 영화.	1
145	호이가 둘리된다길래 하두 유명해져서 오늘 첨봄,,  역시 고대생 성폭력사건일때 인재가 아까워서 의사코스 그대로 가게하는거보고류승범생각나네,, 똑똑하고 직업이 사자면 세번을 실수해도 넘어가고 그외엔 ㅎㅏㄴ번의 실수에 목숨까지 날라가구나 ㅡㅡ	1
146	군대제대후 극장서 봤었는데..20년이 훌쩍넘어서 또 보게될줄야..	1
147	놀란은 진짜 사고력 독창성 천재인듯 미래에서 과거로간 주인공들의 시간을 역순으로 배치 해놓음 영화의 처음부터 끝까지  하나의 이야기를 반으로 접어서 겹친 느낌이랄까? 천재다 천재	1
148	웨이터 불쌍해...ㅠㅠ	1
149	다시 보면 여운이 너무 많이 남을까봐 못 보겠습니다. 지금이야 영상통화도 너무나 쉬운시대에 살면서, 유선전화조차 어렵던 장거리 커플이 되어 점점 각자의 삶을 찾을 수밖에 없어 연락이 끊길 수밖에 없었던 안타까운 이야기 ㅠ	1
150	형용할 수 없는 감동이 느껴집니다...	1
151	오랜만에 마음이 젖어드는 영화를 보았네요개봉당시 수험생이라 못봐서 아쉬웠는데..이제야봤네요. 추천합니다.	1
152	그저 겟아웃에서 느꼈던 영화적 재미만을 기대하고 본 사람이라면 실망했을 수 있다. 그러나 영화가 담고있는 수많은 은유와 상징들, 그리고 감독이 겟아웃에서처럼 미국사회에 던지는 메시지를 이해한다면 이 영화가 엄청난 작품이라는 걸 알게될 것이다. 허투루 흘러가는 것 없이 매우 많은 복선들을 깔아둔 그 디테일함에도 찬사를 보낸다.	1
153	이거 재평가 해야한다. 와... 저예산인데 이런 퀄리티라고? 미쳤네 진짜.. 더구나 내용도 좋고. 교훈적이고만. 평론가들보소. 엑스맨만 최고라는거냐? 평론가 말은 역시 똥이야.	1
154	생각보다 재미있어요. 시간때우기용으로 괜찮아요. 영화가 통쾌함.	1
155	사실에 바탕을 두었음에도 딱딱하지 않고 스토리 전개가 흥미진진하며 인간의 존엄에 대한 무게있는 주제를 심도있게 다룬 좋은 영화임	1
156	영화다운 영화. 엔딩크레딧이 올라가고 음악이 나오는데 왜이렇게 슬픈지.. 참 슬픈영화다. 참 생각을 많이하게 만드는 영화다.스토리 전개방식, 영상미, 배우들 연기가 빛난다	1
157	테넷은 진짜 미친영화다!별점 100개 때리고 싶다. 크리스토퍼 놀란 감독님에게 경의를 표합니다!테넷 보고나서 한동안 여운이 많이 남아서 영화관에 2번 더 가서 혼자 보고 옴	1
158	아주 잘 봤습니다.그 이상의 말은 의미없음.	1
159	0점주고 싶다.. 진짜 시간낭비했네ㅠ	0
160	아동 성범죄 초강수를 두는 미국에서 이런일이!!	0
161	보는내내 짜증나게 만든 쓰레기영화	0
162	전종서배우의 연기가 좋았음,, 사실 그 이상은 모르겠음	0
163	호파의 마지막 눈빛을 잊을 수 없다	1
164	저희 학교 졸업생 졸작보다도 만듦새가 떨어집니다.... 배우들이 불쌍한 영화	0
165	스토리는 단순한 스토리. 어디까지나 우리가 흔히보던 스토리임.	1
166	둘 청소년들의 희망을 품을 꿈을 넓게 펼칠 수 있는 착한 세상이 왔으면...	1
167	반일선동질 하면서 일본에 아파트 사고 렉서스에 환장해서 타고다니는 꼴통 박영선 경희대 지리학과 그것도 편입했다며? ㅎㅎㅎ 에라이 ~MY평점 TBS 뉴스공장 출연하면서 출연료 졸나게 챙긴다고 하더니 성북동집에서 산다고? 자기는 신부르주아 계급에 올랐으니 프롤레타리아 계급들은 호텔방이나 여인숙에 살아도 된다... 아~ 정말 산적 김어준의 기름진 목덜미에 개줄을 묶어서 똥개들 우리에 던져버리고 싶다.	0
168	그녀 한마디에 울고 웃었던 그저 그시절의 나	1
169	영화 참 많이 보고 리뷰고 많이 봤지만 평점 알바 있다는 글만 보고 실제로 제대로 체감 못해봤는데 이 영화보고 알았다 이런 영화에 평잠 8점10점 주는 거 보고 분명히 알바가 존재한다는걸 깨달음 진짜 이런 영화가 상업 영화라고 나온게 너무 충격적임 이렇게까지 재미없는 영화 처음 봄	0
170	월가와 정부가 합작하여 부동산에 버블을 일으키고, 그 피해는 고스란히 하층민,중산층만이 받았다.책임을 지지않는 월가와 정부를 비판하는작품.	1
171	나만 당할수는 없다ㅡㅡ 꼭봐라	1
172	새벽에 심심해서 틀었다가 정말 순식간에 빠져들어서 몰입하고 봤던 정말 최고로 소름끼치는 영화	1
173	진짜 한순간도 눈을뗄수없어	1
174	기대 1도안하고 봤는데 생각보다 영상이 주는 느낌이 좋았다	1
175	이 영화 왜망했지?ㅡㅡ	1
176	웃긴장면땜에 빵터짐ㅋㅋㅋ	1
177	마지막장면 솔직히 벼ㅇ신같다 그냥 홍콩느와르 기분 내려는거 같은대 담배는 왜 꼬라무노 벼ㅇ신아ㅋㅋㅋㅋ	0
178	인생영화 중 하나예요 벌써 5번을 봤지만 다시 봐도 재미있고 가슴이 아릿해지는 영화...언제봐도 후유증이 씨게 남는 영화	1
179	그냥저냥 볼만한정두	1
180	마이크에게 감정이입 하면서 본 영화. 실제인물은 마이클이 잘생겼더라	0
181	흥미로운 생존 영화. 그러나 대위의 이해할 수 없는 단독행동이 오점.	1
182	티벳 프리. 제발 티베트를 가만히 둬라. 넷플릭스로 굉장히 감명깊게 봄. 킬링타임용으로 보려했는데, 영상미부터 지루한시간없이 흘러가서 생각보다 진짜 재밌게 잘봄	1
183	고발과 재치의 정돈이 수준급이다. 정말 잘 봤습니다. 감사합니다.	1
184	출연하는 모든배우들의 연기는 탑급이나스토리 개똥망, 여주 고구마답답이후반갈수록 스토리 노답입니다.목격자였나 이성민배우분 나오는거이후로이런 깊은빡침 오랫만이네요	0
185	퇴마 악령 귀신.. 이런 내용 딱 질색이라 개봉하고 한참 시끄러웠을때도 무서워서 보기 싫었는데지금 보니 너무 재밌고 무서운 스토리도 아님 근데 초반에 가톨릭 어르신들 (직책을 모름 ㅎ) 어른들의 얘기핼때 단어가 익숙하지 않아서 그런지 엄청 어색하게 들림ㅋㅋㅋ	1
186	20대1번 30대1번40대 때도 봐야지 느낌이 너무달라서좋다	1
187	그냥 본인이 생각하기에 본인이 생각의 깊이가 얕다 싶으면 이 영화 패쓰하세요 리뷰만 봐도 사람마다 같은 영화를 보고도 생각하는 깊이가 차이 나잖아요 이슬람하면 종교로 인한 전쟁,테러만 떠오르는데 스왓은 싸우는 목적이 다르잖아요 그 외에도 다른 대원들의 행동 하나하나가 어떤 사정과 시련이 있었는지 보여주는데 심심할 틈이 있었다는건....	1
188	진짜 분위기도 좋고 결말을 위한 발판역할을 잘한 편인데 평점 뭐냐 ㅋㅋ	1
189	박서준이 멋있게 나오긴하는데 그게 다임	0
190	OST가 너무 좋고 무엇보다 화려한 색감의 영상미가 좋았습니다. 스토리가 유치하다고 생각될 수 있지만 나름 감동도 있고 교훈을 주는 영화라고 생각합니다. 가볍고 재밌게 보기 좋아요 :)	1
191	전쟁 영화 좋아하는데라이언일병구하기 다음으로 재밌는 영화	1
192	마지막에 흑인이 총으로 쏴줄때 나만 울뻔했음..? 너무 착하잖아...아무도 울뻔했다는 사람도 댓글도 없네	0
193	이게 대체 뭔 내용이야?  영화야 뭐야???	0
194	말이 필요없다그냥 명작...	1
195	유한한 내 삶에 무한히 남을 인생영화	1
196	모든게 군더더기없이 깔끔하다.밖으로 내뱉지 않은 고요한 울분을 담담하게 그렸다.영화내 사건으로만 봐도, 역사사회문제로 넓게 봐도 아주 잘 만든 영화.	1
197	주여느들은잼남하 조연들때매영화조짐 옥상신 그 깝치던새끼마지막도최악 개오바연기	0
198	헤어진 가정이 재난을 겪으면서 가족의 소중함을 깨닫고, 유망한 직장을 다녀야 하는 이유를 알게 해주는 영화	0
199	기대없이 봤다가 월척한 느낌!이런영화보고나면 기분 와따입니다진영 연기 라미란 케미내내 웃었어요!	1
200	아무 생각없이 틀었다가 킥킥대며 웃었다.의외의 완전 웃기고 재밋는 영화	1
201	어떤 생각을 하길래 후속편이 기대된다는거지...후속 나올 결말 아님.나름 재밌게 봤던 영화. 영상미 괜찮고 연기도 좋음. 스토리도 기승전결 존재 확실함.중간에 딴짓 하지 않고 끝까지 보시면 결말 부분 이해가 쉽게 되실겁니다.	1
202	이것이야 말로 한국판 조제. 아름답게 잘 그려냈다. 긍정파워 뿜뿜!!	1
203	보는 내내 마음 시리며.. 여운이 남는 영화유일한 분단국가 우리나라	1
204	고고70같은 영화 레토! 너무 보고싶었는데 드디어 보게 되었어요ㅎㅎ	1
205	너무 저평가되서 10점	1
206	그 사람이 너무 그리워져서 오랫동안 다시 못 볼것 같은 영화....	1
207	정말 인생 최악에 영화임절대 보지마셈 어후 진짜 돈아까워보다가 꺼버린 영화는 첨임	0
208	여자친구랑 울면서 본 영화100점짜리 영화 ????	1
209	영화가 굳이 감성 멜로 컨셉으로 예쁘지 않아도 됬었는데...아프고 슬프고 설레기 보다는...아프고 우울하고 처연하다. 초라하고. 근데 왜 둘은 헤어진거죠? 그거에 대한 설명도 없이 중간도 없이 그냥 바로 이별... 한지민님 너무 예쁘고 진짜 조제랑 잘 어울리시는데요. 우울하고 어두운 연기 잘하시긴 했어요. 근데 정말 발음이 너무 웅얼웅얼 거려서 안들렸어요. 그냥 원작과 다른 영화라고 생각하고 보면 됩니다. 무슨 조제를 무기력하고 우울한 식당 이모를 만들어놨을까... 처연함 우울함 무기력 무력함 루즈함 연민 멜로 잔잔한 낭만 감성 조용하고 우울하고 예쁜 멜로 이야기.원작 리메이크 아니고 소재만 같은 아얘 다른 영화.남주 여주 수동적이고 얘매한 어정쩡한 캐릭터.특히 커피 위스키 이야기 할 때마다 오글.“오~ 바디감.”“바디감이 좋네. 커피 어디꺼야?”이런 오글 대사 진짜... 하...조제에서 최악의 대사라고 생각하는 것 하나는“사람들에게 다 말할거야. 몸도 성치 않은 날 범했다고.”여기서 조제는 수동적이고, 의존적인 캐릭터....	0
210	엥 나만 재밌게 봤나? 댓글이 다 왜이럼? 전체적이게 스릴있고 코미디 넣어가면서 잘 만든것 같은데...	1
211	무슨말을 하고 싶은지는 알겠는데 왜 이렇게 말하는지 모르겠는 영화홈즈의 이름이 아까운 추리영화 개연성도 없고 유치한 내용 지루함	0
212	애착형성의 중요성 단지 학교에서 배우는 교육만이 교육의 전부가 아니다	1
213	감동 이상의 감동이네요모두가 영웅...좀더 멋지게 살아야겠단 의욕 팍팍 듭니다미국이란 나라의 대부분의 면모가 싫지만 이런정신은 넘 좋습니다	1
214	너무 재밌네~;; 당황스러울 만큼.. 어쩜 이렇게 미묘한 심리들을 잘 표현해내지~?;; 홍감독님이 대단하긴함.. 영화 몰입도가 엄청나네.. 내가 파리 살다가 온 것 같은 기분.. ㅋ	1
215	소피랑 하울이 애틋한게 마음에 들어요마지막까지도 여운이 길어서 평점남겨욤	1
216	배우들 연기력 쩔고 스토리 전개 빠르고 반전에 반전~  오랜만에 마시는 싸이다~~	1
217	ㅋ대배우대거등장 조진웅씨는 이름도 못올렸을때 찾아보는재미쏠쏠	1
218	유아인배우 힘들었을듯..서서히 살빠지는 모습 보이는게 왠지 진짜 시간이 흐른듯 했어요..다른분들은 디테일하게 본듯한데 영화는 영화니까요~저는 재미있게 봤어요^^박신혜 유아인연기 짱~!!	1
219	시간 가는줄 모르고 봤네요..	1
220	시간 가는줄 모르고 봤네요..	1
221	스토리 배우의 연기 뭐하나 빠지지않는 영화! 너무 재밌게 봤어요~	1
222	알바천국 알바천국  알바천국	0
223	OCN에서 하길래 아무기대없이 보다가 왠걸 볼수록 빠져드네 2부 광고때 잠검하니 와우 버닝썬 바탕 실화? ㅎㄷㄷ..알고나서 보니 더 흥미롭더라는~	1
224	굿쟙입니다 너무재밌어요><!	1
225	볼 때 잠시나마 심장이 뛰고 행복했다.인생 영화♡	1
226	존잼인데  제목때문에 공상과학 영환줄 ㅋㅋ	1
227	좋네요 이런 거 최고야 멋져	1
228	정말 재미있어요 감동.웃음.명연기웃다가.울다가마음이 따뜻해져서 갑니다	1
229	감동적이고 슬픕니다.아이들과 보기에 아주 좋은 영화 입니다.	1
230	무....섭....다 띠리링~~~	1
231	스토리가 좀 시작하는줄 ㅎ 흑인여자.정부 복수해야지 담편기대 ㅎ	0
232	너무나 잘알겠는 고통.만리장성에  끼어밌는 짱돌하나의 몸부림. 인간인데 짱돌을 강요당하는 비애.  어디선가 누군가 손해를 보ㅏ야지만 끝날얘기	1
233	영상미, 디테일, 배우들 목소리연기매 장면이 지나갈때마다 놀라운 영화	1
234	아주 현실적인 캐릭터를 가지고 그들의 이야기를 온전히 노래에 담아낼때는 어느 다큐멘터리보다 공감되면서 어느 로맨스 영화보다 사랑스럽다. 평범한 사람들의 한때에 사랑이야기를 노래를 통해 들려주며 공감과 로맨스 그리고 즐거움을 잡은 영화 once는 극적인 영상미, 화려한 배우 없이도 충분히 공감대를 완성하고 풋풋한 분위기를 연출할 수 있다는걸 증명한 아름다운 유리 조각 같은 영화.	1
235	양동근씨가 계속 짠했을뿐ㅜㅜ 실력파 배우들 데리고 이게 맨인블랙 감성이었다니...ㄷㄷㄷ새로운 시도라고 하기에도 이도저도 아니고 서사 근본 깡그리 무시된 그냥 내맘대로 영화였음..아주아주 힘들이지않고 쓰기만하면 되는 내용^^앞뒤 생각할거 일도없는 근데 평점8점 넘는거 실화냐...양심도 죽지않는 인간들일세 감독이 돈이 많으신가	0
236	선우용여,박근형 배우님 대화할때 눈물 왈칵 쏟았어요 ㅠ	1
237	말 할 것도 없이 최고였습니다	1
238	요즘 너무 삭막한 세상순수한 꼬마보면서 위로받았어요	1
239	아름다운 색감과 영상미와 대조된 참혹한 현실을 너무나도 잘 표현이 된 것 같습니다. 어떠한 악역도 없는 그저 힘들게 사는 이들을 잘 담은 영화인 것 같습니다. 너무 재밌게 봤습니다.	1
240	임신과 결혼 출산이 한 여성의 인생을 얼마나 힘들게 만드는가.. 희생하게 만드는가에 대해 우리 사회가고민해야할 문제들이 담겨있다. 여성이 왜 가사일과 돌봄노동을 해야하며 주인공 진영의 말대로 모두 손 발 자우로운 성인인데 왜 식사준비 설거지 등등 뒷치닥거리는 여성들의 몫이여야만 하는가...	1
241	뭔가 다른 세계를 엿본듯그냥그대로 만나보면될듯머리로 말고 직감으로 ㅋ	1
242	그 복잡한 역학관계.. 참 어렵습니다~ 입은 꾹꾹 닫고, 지고 사는 며느리 입장이라 공감백배네요.	1
243	일본 원작보다도 오히려 더 좋았습니다. 영석이와 사랑했던 기억만으로도 더이상 외롭지 않은 조제의 이야기. 마지막 엔딩에 흐르던 아이유의 자장가는 감독이 조제에게 들려주고 싶은 노래라고. 특히 두 배우의 연기는 흠잡을 수 없을만큼 완벽	1
244	너무 쓸데없이 잔인하고 웃긴 장면도 있었지만 볼만한 정도였다. 뭐 마약을 둘러싼 범죄 액션 영화인데 로맨스도 있고 그냥 장르를 섞었다. 이 영화 감독 영화를 안봤지만 그게 이 감독의 스타일인듯 싶다. 초중반은 뭐 흥미롭게 흘러가다가 후반부에 스토리가 산으로 가는 느낌을 받았다. 소메타니 쇼타 보여준 엉성하고 어설픈 야쿠자의 모습은 현실성이 있었다. 이 영화는 이상하게 남여주가 눈에 안보이고 백키와 소메타니 쇼타만 보였다. 그리고 어이가 없었던 장면은 마지막에 애니로 대처한 것은 제작비가 부족했다고 쳐도 야쿠자 하나 잡을라고 경찰차가 그렇게 많이 지나가는 게 어이가 없었음.. 그냥 뭐 킬링타임으로는 좋은 거 같다.	1
245	결혼하기전에 결혼할 생각도 없는 아들 여친 직장에 전화걸어 고양이 키우면 결혼 못한다는 유별난 시애미 걸린걸 와이프 사주탓하는 한남 클라스.	1
246	블랙코미디와 최정점에 있는 영화 마지막 엔딩크레딧이 블랙코미디의 진수였다는 것을 보여준다 영화 ㅈ도 모르는 애들이 떠들 수 있는 영화가 아니다	1
247	대본 읊는 것만으로도 벅차고 힘겨운 배우들... 왠지 모를 민망함은 관객의 몫. 꼴값도 안되는 영화.	0
248	남편의 주관적인 시각이 드러나는 영화라 너무 그랬네요..마지막 장면에 왜 시어머니만 며느리 등급을 매기죠? 고기 사나요?? 며느리가 무슨 한우인가요? 본인은 중간에서 새우등 터진다고 억울해하지만 진정 모든 관점을 두루 아우르는 감독이 되고싶다면 생각해보시길 누가 센스없게 그 고래등 싸움들 만들었는지 이건 뭐 적어도 남편이 결말까지 부인편도 아닌거 같은걸..	0
249	전종서 연기 진짜 미쳤음. 진짜 원래 미친년 같음. 완전 무서웠음	1
250	어이없는 영화다  살인을  세뇌시키다니	0
251	불친절하지만 섹시하다. T팬티를 처음 착용한 느낌.	1
252	이 가부장 꼰대공화국에 세뇌되어 살아온 모든 B급 시어머니들이 반드시 보고 정신차렸으면. 스스로 시댁 노예를 자처하면서 대물림하는걸 명예로 여기는 노예근성을 왜 며느리에게까지 강요하는지! 며느리들이여 절대 속지말고 영원히 b급 며느리로 나쁜 며느리로 살아가자! 그리고 더 나쁜 c급 d급 며느리를 기쁘게 맞이하자!	1
253	정의로운 경찰 썩어빠진 검찰 ㅋㅋ 문재앙과 젓국이 스폰했냐? ㅎㅎㅎㅎ 아 탁가 변태 색희겠구낰ㅋㅋㅋㅋ	0
254	케이블에서 특가로 단돈 100원이라 보고 있는데...시간이 아까워서 그냥 꺼야겠다	0
255	진영씨 너무 사랑스럽다	1
256	이거 평점이 대체 왜 이리 높음? 박정민하고 아역 빼면 볼게 없음 그냥 스토리도 없고 중국 스타일 액션 과장	0
257	가족영화 최고!!!!	1
258	감상 후 한동안 가슴이 먹먹했다.	1
259	세번잤다. 인셉션,인스텔과는 좀 다르다.	0
260	진짜 끝까지 긴장을 늦출수 없게 만드는 영화.. 미친 살인마 광기 어린 영숙이 ㅜㅜ 전종서 배우에게 엄청 빠져버렸습니다ㅠㅠㅠ 피칠갑해서 손으로 입닦을때 정말,,,, 언니 하고싶은거 다해,,	1
261	엄마 아빠가 행복해야 아이도 행복해질텐데.. 시부모님도 잘아셨으면.. 난 신혼때 이렇게 할거면 연락하지 말라고 했었지.. 빌린돈도 일OO로 이체했더니 버린 자식 취급 받았었는데.. 결국 시간이 약임.. 손주는 신약이고..ㅠㅠ	1
262	전종서 꿈에 나올까 겁난다	1
263	신념을 위했다고 포장하지만 자신이 추구하는걸 지나치게 폭력적이고 잔인하게 해결했다고 볼 수 밖에 없음. 사형찬성자는 악마이자 덜 떨어진 무식쟁이고 반대자는 천사고 깨시민이며 자유수호를 위해 죽음마저 불사한다는 이상한 논리를 시전하여 매우 불편함. 신기하게도 이런 류의 사람들은 형사사건에서 가해자의 인권만 생각하고 피해자에 대한 개념은 완전히 상실해버렸지. 이렇게 생각해야 깨어있는 시민이고 지식인이다 라는 환상에 빠져 사는 부류라 여겨짐. 제대로 낚인 기자만 불쌍함.	0
264	개봉한지가 언제인데 이제서야 제대로 봤네요이야기 전개와 연계가 탄탄하고 충분히 재밌었어요.등장 인물들 모두 저마다의 캐릭터와 이야기를 가지고 있고, 누가 주연이고 조연이고를 나누기 어려울 정도로 이야기 전개의 기여도가 높고 상당히 유기적이네요.특히 경비가 또다른 자아와 다투고 새엄마가 죽은 딸을 계속 보는 것이 인물 내면의 갈등과 이야기를   전개 시키는 새로운 방법인것 같네요한국인이 좋아하는 기승전 전개와 마지막에 훈훈한 마무리가 단조로울 수도 있지만 이야기의 긴장구성이 훌륭해서 오히려 편안하게 다가 옵니다.	1
265	안보고 사는게  좋겠다.	0
266	뭔가 슬퍼요..ㅠㅠ 재밌습니다	1
267	거짓되고 허황된 이익을 위한 영화가 아닌진실되고 진정성있는 정말 사람을 위한 영화초등학생 아들이 너무 감동받았다면서자기는 생명을지키고 아내를 사랑해주는 남편이 되겠다고 합니다~성을 가볍게만 여기는 영화 아이돌 같은 문화가 팽배한 이때 정말 경종을 울리는 영화라고 단언합니다진짜 여성인권을 위한다면사실을현실을 보게해주세요	1
268	엄청 재밌네요. 이웃사람 다시보고 싶어요.	1
269	내 인생 최고의 영화	1
270	이게 영화냐? 공짜로 봐도 돈 아깝다	0
271	너무 화나서 눈물나는 영화....	1
272	양자물리학 정말 재밌네요 배우들 연기도 너무 잘하시네요~♡	1
273	교과서 적인 스토리 전개에 투명인간이라는 철지난 소재를 붙였음에도 연출을 오지게 잘하여 오지게 잼있었음.	1
274	재미없다는 사람들은 1,2 다시 보고오세요...	1
275	잼나요 왜 흥행이 안댓는지ㅜ 헐완전 잼나네요  추천	1
276	내가 초등학생이란 어린 나이 때에도 재밌다고 이 시간까지 오면서 5번 넘게 본 유일한 영화다.캐릭터, 연출, 짜임, 스토리 모두 즐겁게 볼 수 있고 볼때마다 새록새록 재미를 느낀다.개인적으로 좋아하는 장면은 치매무당할머니가 나오는 대사씬이다	1
277	잊을만 하면 보는 영화군대를 다녀왔던 사람들은 공감하는 그런영화난 탱크가 좋아. 란 대사가  참 깊이 와닿는다브래드피트 는 젊었을때 얼군때문언 연기가 가려져 빛을 못봤지만 중년이 되면서 점점  연기가 물오른듯 한다  우리나라 배우 이병헌도 나이들면서 물 오른 것처럼	1
278	하....욕도아깝다.	0
279	보수적인편인 남자로써 평소에 여성을 주제로 권력에 대항하는걸 그린 작품들을 보면 괜히 기분이 안좋아졌다. 하지만 이 영화는 이런 내가 오히려 그녀들을 응원하고 싶게끔 잘 표현했다. 억지로 만드는 감동과 스토리 전개가 아닌 자연스러운 유쾌함과 감동을 선사해주었다. 최근에 본 영화중에 가장 돈 아깝지 않았다. 다른 경쟁작들에 비해 월등히 잘 만들었지만 코로나때문에 제대로 빛을 발하지 못한것 같아 아쉽다.	1
280	b	1
281	놀란 감독 약빨고 만듬?선넘내 이감독..엄청기대했는데 졸작..	0
282	기대안하고 봤는데 씹스티스 좆그 보다 백만배는  재밌다	1
283	재밌기만한디요그럼 이명박근혜를 미화하리? 일베놈들 ㅉ	1
284	아수라가 생각나는 영화.	0
285	나만 어렸을때 재밌게 봤나...	1
286	배우의 연기, 스토리, 감동 모두 수준급인 수작. 맷 데이먼과 클레어 데인즈의 리즈시절 외모를 보는 것만으로도 남는 영화이다. 개인적으로는 대니 드비토의 연기는 정말 감탄스럽다.	1
287	메멘토의 끝이자 시작의 역촬영.덩게르크의 시점의 다변화. 인셉션 꿈속의 꿈같은 인버전의 인버전.인터스텔라의 시공간속 공간.이 모든 영화들이 다 들어있다.	1
288	내가 너무 좋아하는 배우들참 좋~~~다	1
289	Whisper Of The Heart	0
290	빈속으로 봤어도 큰일날 정도는 아닌거 같긴함	1
291	에미넴형.... 사랑해... 나 죽어..,	1
292	웃으며 재밌게 잘 봤어요 ㅎㅎ 가족영화로 추천!!!	1
293	마지막 대사에서 디카프리오 눈빛을 잊을 수가 없다	1
294	순한 맛 미이케 다카시. 잔인한 장면도 별로 없고(물론, 그의 영화 기준이다.) 삶의 희망과 사랑을 얘기한다. 맹자의 인의를 얘기하다니니 와우 이건 너무 일종의 개과천선 아닌가. 첫사랑의 순수함, 진실함 그리고 간절함을 잊지 말고 살자는 건가보다. 감독도 이제 나이가들어가는 지 ... 순해지네. 결국은 희망과 사랑이라.	1
295	심각하게 미성숙한 삼각관계를 이어나가는데 몸짱과 얼짱 사이의 미녀라서 비주얼적으로 있어보이게 연출됐을 뿐. 스토리에 과몰입해서 러브라인을 비난하는게 아니고, 억지로 삼각 관계를 유지하기 위해 주연 셋의 정신연령을 낮춰버린게 문제다. 뱀파이어와 늑대인간 사이의 역사와 볼투리가, 그리고 새로이 등장하는 악의 세력이 엮이게 된 배경 스토리는 충분히 괜찮았다고 보는데, 이 삼각관계 때문에 집중이 안돼서 이마저도 흐트러져 버렸다. 몸짱과 얼짱이 서로 견제하며 자신을 사랑해주는 낭만을 꿈꾸는 사춘기 여성이 대리만족 하면서 보기에는 최적의 영화.	0
296	인버전된 물체의 의미가 중요 포인트인데 아무의미 없는 이게 모야	0
297	평점이 어떻게 이러지 당연히 최소 8.5 이상일 줄	1
298	성공하기 위해 다리 벌려서 유명세와 부를 누려 놓고선 퇴임할 땐 그걸 성추행이라고 협박해서 거액을 뜯어내는 영화. 그건 성추행이 아니라 성매매라고 부르는 것이다. 갈보들의 어처구니 없는 궤변을 대변하는 영화.	0
299	다들 왜 평점이 낮다고들 하는지ㅋㅋ8후반대 평점이 낮다? 높고 낮다에 기준은 9인가? 정신병자들인가?	1
300	아기가 그렇게 살려고 엄마 뱃속에서 도망치는 모습이 정말 충격이었고, 낙태약물이 몸에 얼마나 나쁜지 알았다. 주인공 여자가 엄청 고집이 센데도 다들 너무 기다려주는 모습들에 놀랐고, 주인공 여자가 고집이 세도 보통 센 계 아니라 대단하구나 했다. 낙태회사 정말 가증스럽다. 이혼도 결혼도 참 쉽게  하더라.강추!	1
301	작화이쁘으으~~~특전너무이쁘으으~~~노래너무너무좋아브르~~~	1
302	넷플릭스로 봐서 참 다행입니다. 극장가서 봤음 눈물날뻔 했어요.  모하비 광고라는 댓글에 공감추가여	0
303	실화라는 사실에 놀라고 안젤리나 졸리에 또 놀람.	1
304	결말 예측가능해서 실망.. 영화중간부터 설마 이거아냐? 했는데 진짜 이거네...배우들이 연기를 잘해서 몰입은 잘됐음	1
305	이제서야 제대로 감상-...가슴찡한 여운이 남는다 벌써 16년전이라니 배우들모두 젊다~~	1
306	2020년에도 전혀 올드하지 않은 스토리와 영상미, 두 주인공의 엄청난 액션에 심장이 쫄깃거리며 손에 땀이 물처럼 흘러내리는 심리적 압박감까지! 보통 아이요!!	1
307	복잡한 서사를 익살스럽게 잘 표현함	1
308	임팩트도없고 1점도 아깝네	0
309	아겁나웃겨ㅋㅋ 평점별로여서 기대안하고 봤는데ㅋㅋ욱겨ㅋㅋㅋㄱ	1
310	아... 진짜 너무 재미없어.. 결제한게 아까워서 이틀에걸쳐 겨우 끝까지 봤다 ㅠㅠ	0
311	먼저 이 영화를 극장에서 본 1,681명의 관객들에게 위로를 전한다. 영화를 보며 처음엔 일부러 B급 감성으로 만든건가 의심했고, 중간엔 꺼버리고 싶었으나 여기까지 본 시간이 아까워 그냥 봤고, 마지막엔 마치 2편을 생각한 감독의 과감함에 넋을 잃으며 두시간이라는 소중한 시간을 내 인생에서 잃었다. 마지막으로 이 영화의 장르는 개그라고 생각한다.	0
312	예전에는 정말 재밌게 봤지만 지금 다시보니 생각이 바뀐다. 정말 그때 내가 제대로 본 게 맞은 걸까??	1
313	베키는 레이첼 맥아담스였고, 레이첼 맥아담스는 베키 그자체였다. 그녀의 사랑스러움은이 영화에서도 여전히 통했다	1
314	포스터 마동석 때문에 꺼려진 영화... 마동석님 러블리~~	1
315	나만 당할순 없지 개꿀잼 기발한 연출 완벽한 개연성 스토리 액션 그래픽 배우연기거기에 감동까지 월드클래스 영화입니다 기생충 잡을듯	1
316	놀랍다. 이런 영화를 만들어낼 수 있다니...	1
317	전개가 너무 신선해서 너무 재밌는데 너무너무너무 무서워요 심장이 터질거같음	1
318	이런 장르 자체에 스토리가 있는게 불가능 하다고 생각함꽤나 긴장감있고 땀 흐름, 솔직히 내용이 술래잡기는 맞는데 거기서 배우 연기, 연출, 배경 이런거 등등 분위기가 바뀔 수 있는데 난 나름대로 잘 만든 영화라고 생각함괜히 넷플릭스가 그돈주고 샀겠니. 근데 오히려 더 잔인하게 만들어서 청불로 내는것도 나쁘진 않았다고 생각되는데 그런부분이 조금 아쉽네 재밌어요 대신 시간 많을 때 보세요	0
319	스포츠 영화 원래 잘 즐겨 안 보는데 이건 좋은 영화 였다.	0
320	헝거게임 좋아하면 좋아할듯이런 스토리랑 장르있는 액션 너무 좋다	1
321	다른 한국 드라마 영화와는 다른 독특한 매력으로 감명 있게 본 작품 이었다.	0
322	순수한 마츠코, 사랑받지 못한 마츠코, 그래서 더 불행한 마츠코. 환하게 피어난 초 봄의 목련처럼 마츠코는 눈이 부시게 순수해서 시든 뒤 더 초라했다.	1
323	할 말이 없다. 별로니까.	0
324	회전목마 부분만 웃기고 나머지는 글 쓰기도 싫다.	0
325	평점에 속지 말자. 지루하기만 하다.	0
326	아으 지루해.. 평점 너무 높다;;	0
327	몰입감이 너무 좋아요 추천	1
328	이정진 다리깐게 조진웅이었네	1
329	기독교인이 아니라고 해도 무난히 볼만한 애니메이션. 재미와 액션은 보통인데, 결말은 인상적이다.	0
330	의외로 괜찮 잔잔하게 보기 좋음	1
331	진이 정말 멋있게 나왔군요~	1
332	재밌게 잘 봤습니다. 재밌어요.	1
333	중반까진 유튜브에서 영상으로 많이 봐서 괜찮았는데 결말부분 보고 빡쳐서 죽을 뻔 했다ㄷㄷ 이 번 년도의 내 빡침은 이 영화가 다 가져갔다. 서연이 무선전화 연락 온 거 안 받고 버렸으면 다 안 죽었어 (+검색할때 오영숙 이름 검색 진작에 했었어도 다 안죽었다^^)	0
334	마블 총 시리즈 몇번을 돌려봐도 질리지 않고 항상 엔드게임에서 맨날 눈물바람 ㅠㅠㅠ 어벤져스 또 나와주세요... 아이언맨 못잃어	1
335	추천합니다신나는 음악과 함께 감동과 눈물..	1
336	느린 전개, 단조로운 시나리오, 허무한 결말..소리도 없이 끝내버렸다.	1
337	세심하고 사실적인 디테일들이 다큐를 본것처럼 강하게 와닿았어요.  먹먹하고 눈물이나네요.	1
338	크리스마스 정신이 필요해	1
339	허진호 감독의 역량. 좀 아쉽지만 굿..	1
340	개연성이 떨어지고 실사보단 감성을 너무 집어 넣음 빨리 움직여야 하거나 마땅히 행동해야 할 때 멍청히 가만히 있는 건 뭐지..바보도 안할 행동들을 관객들로 멍하니 보게 만드는 스킬..ㅎ	0
341	연출이 별로여도 스토리는 좋다.	1
342	웃음,뭉클,감동,짠함 까지 연기들도 넘 잘하시고 쉽게 뭔가 메세지도 느껴지고 재밌게 시간가는줄 모르고 봤어요강추합니다!!	1
343	세월이 흘러 아이를 낳고 다시 이 영화를 보게됐어요 그때는 분노가 너무 심해서 다른 생각은 못했는데 지금은.. 엄마가되어 그런지..  더 화가나고 마음이 아프지만.. 나영이가 살아서 다행이다라는 생각이 드네요..앞으로 정말 행복한일들만 있었으면 좋겠고.. 조두순OOOO는 그누구보다 고통받다 뒤졌으면 좋겠습니다 영화 잘봤어요	1
344	두사람만의 대화로 가득 채워진 영화 ㅠㅠ	1
345	제목 누가 지었냐 ㅋㅋㅋㅋ 제목 때문에 반은 말아먹고 시작	0
346	브루노는 눈물 몇 방울로 철없이 저질러왔던 일들을 참회하고 새사람으로 태어나길 다짐했을까? 그렇게 믿고 싶지만 보통 그렇지 못한 현실이 서글프다.	1
347	여성들이 공감할 수 있는 영화	1
348	권상우 액션은 진짜 칭찬할만 하다!! 멋있긴 멋있네	1
349	유지태의 눈빛이 다했다	1
350	아 엑손가뭔가 연기하는거 보자마자 꺼버림..	0
351	처음부터 끝까지 완벽한 영화.한 장면 한 장면이 아름다워서 뇌속에 다 저장하고 싶었다.	1
352	ㅂㅅ:너무 열심히 하지말아요.대중: 개소리 말고 돈이나 갚아....	0
353	눈물 흘릴 수 밖에 없는 영화	1
354	남주 연기가 부족한지 몰입이 잘 안됨. 내용도 억지스러움이 있음. 대만, 일본의 평높은 멜로를 생각한다면 실망할수있음.	0
355	뭐지.. 마블 스파이더맨보고 우린 이런 캐릭이 없네? 우리도 얼른 하나 만들자하고 급조 한 느낌이랄까ㅋ 유치한걸 좋아해서 그래도 끝까지 잘 봤긴한데 이건 내가 tv로 봐서 그럴수도ㅋㅋ 마지막에 급식 먹는 씬은 좋았음ㅋㅋ 친구를 슈퍼맨을ㅋㅋ	0
356	두 분 연기력이 뛰어납니다	1
357	오 한국에서 이런 스타일의 영화가 나오다니 신선하네요ㅎ 배우들만 미국배우였다면 헐리우드 영화라 생각 될 정도로 한국에서 나오기 힘든 스타일의 영화 였습니다 가성비 갑 영화네요 재미있게 잘 봤습니다	1
358	별 생각없이 봤다가 오열한 영화. 한지민 너무 예쁘다.	1
359	딸이 학교에서 보고왔다고 같이보자고해서 보게됬는데..너무감동적이고 재미있고 어릴때 산타를 기다리던 추억이떠오르면서 좋았어요^^	1
360	마지막에 진심 펑펑 울었어요 .. 우리말 정말 소중함을 다시 한번 깨닫습니다 ..	1
361	이게 도대체 어떻게 9점대 영화인지 모르겠다. 재미없어서 하품만 몇번했다. 그리고 반미, 반일, 반대기업 감정을 아주 교묘히 은근하게 심어놓는다.	0
362	또 봐도 재밌다 ㅎ . . . .	1
363	알바 아니고, 영화를 관람한 일반 시민입니다.그냥 보세요.	1
364	재밌긴한데 평점이 왜이렇게 높냐 ㅋ	1
365	마음이 따뜻해지는 이런영화 죠아	1
366	두 번을 봐도 뭐를 본건지 모르겠어서 여기 들어와서 후기 읽는 중...너무 지루해서 서너번 나눠서 봄...	0
367	보는 내내 고구마 처먹은거같은 답답함 연기는 대박이었으나 스토리가 개똥망이라 여주인공 탓하게 됨 여주인공이 OO트롤 넷플릭스에서 봤는데도 후회됨	0
368	너무 재미있어요~~!!	1
369	과거의 나에게 전화해서 보지 말라고 하고 싶다	0
370	보는 내내 미쳐버리고 영화를 끄고 싶었다 더 보았다가는 죄책감과 우울함에 빠질것 같았다. 그리고 마지막 불로 인간들을 처벌할때 후련했다 나도 인간인데 말이다	1
371	다른건 다 좋은데 여주인공이 좀 답답. 그냥 CCTV보자고 하면 해결되는 문제인데 ㅎㅎ 뭐 그래선 영화가 안만들어지겠지만 ㅋㅋㅋ	0
372	그냥 볼만한 스릴러 영화	1
373	밥 본 집에서 나갈때 밥 본이 씨익 웃는거도 소름돋았고 앨런이랑 마주 보는데 점점 앨런의 표정이 달라지는 것과 마지막 꼬마가 앨런 집는 장면도 .. 생각이 많아지는 영화	1
374	전화는 성실히 받아야지...	1
375	최악! 왜 이렇게 영화를 만드는지,,,,감독이 이상함! 애들이 만들어도 이것보단 잘 만들겠네!별점 1개도 아깝네!!	0
376	최고의 영화. 델토로 연기 ㅎ ㄷ ㄷ	1
377	이 작품이 왜 평점을 8점씩이나 받았는지 모르겠다.스토리진행 방식은 아주 식상한 옛날 방식이고, 영상미또한 돋보이는것이 없었다.액션 씬에서도 어설프게 홍콩영화의 화려함을 전혀 어울리지 않는곳에 사용했지만, 그것도 제대로 활용한것도 아니다. 게다가 어줍잖은 대사로 억지로 멋있어 보일려는 의도와 마지막 부분에서는 다음편 예고인듯한 장면 또한 연관성있는 구성이 전혀 아니었다.  그냥 샤를리즈 테론의 미모만 돋보였다. 정도! 걍 시간 때우기보다 모자란 작품!!	0
378	리메이크한거면 중요한 감정선 부분을 잘 살려야지 감정선 부분 진심 일본판이랑 너무 다르고요 거짓말안하고 30분 잠  점수 잘주신분들 댓글알바 아닌가 의심될 정도네요,, ㅎ 너무 노잼 일본판의 조제에겐 행복하게 유모차타는 부분이 인상깊었는데 한국판은 조제 웃는 모습 아예없었던 것 같네요 원래 감상편 잘 안쓰는데 너무 노잼이라 써요	0
379	볼때마다  재밌다 111	1
380	기대보다 재밌는 영화!	1
381	조진웅 짱기대안했는데진짜재밌어요	1
382	진짜 오랜만에 따뜻하고 감동적인 영화 본 것 같아요여운이 많이 남는 영화네요덕분에 시원하게 펑펑 울고 스트레스 날렸어요!!	1
383	누구나 꼭 봐야하는 영화언플런트요즘 우리나라도 낙태법 폐지 시키려 안간힘을 쓰는데 ..반드시 막아야합니다또한 성정체성이 제대로 확립되지 않은 아이들에게 학생인권조례자  포괄적 성교육이다  동성애 합법화에다 말도 안되게 떠들어 대는데..그에 따른 음지에 대해선 알려 주지 않고 미화시켜 가르치는 편협된 교육방식 정말 괴롭습니다아이들에게 올바른 성 가치관과 아름다운 인간관계들과 생명을 사랑하는 마음을 물려줍시다언플런트 강추 합니다초등부터 모든 세대 다 보시길 권유합니다	1
384	한정된 공간에서 이끌어낼 수 있는 모든 것을 보여주는 영화모두가 그의 이야기에 푹 빠져들 때 나도 그 공간에 함께했다.	1
385	스토리, 배우들의 연기, 감동, 교훈, 음악 등등 최고의 영화였어요	1
386	내 인생 최고 영화중 하나모든게 다 완벽한 느낌이었음	1
387	재미와 감동 둘다 잡은 영화 ! 최고!	1
388	다행이다 소장용 결제해서.(다시 봐야 하는 사람만 좋아요)	1
389	이거 평점 왜이럼?  이 재미있는걸 통편집해서 극장판으로 만드는게 쉽냐??  드라마는 너무 장황해서 지루하던데 이건 딱좋아!	1
390	친구들과의 추억이 떠오르는 영화였습니다. 하지만 현실고증이 잘 안되었던거 같은건 제 착각일까요?? 재미있게 봤습니다	1
391	진짜 히어로물의 최악이다.역시DC는 마블을 따라갈수도없고 뒷북으로 마블흉내 내봤는데 전혀 감흥도없고....진짜 개핵노잼!돈주고 안본게 천만다행이네	0
392	진짜 후회 안함 개꿀잼이에요 다들 보세요	1
393	내가 8점을 준 이유. 이건 딱 어릴적 후레쉬맨 생각하고 보면 깔게 없음.	1
394	감독 네임밸류에 속았다. 잔뜩 어렵게 꼬아놓느라 재미는 찾아볼 수가 없음. 하품을 백번은 한거 같다 억지로 보다가 끔.	0
395	이해가 될듯말듯 어렵다..	0
396	사랑의 힘으로 다시 심장이 뛴다니 호러로맨스 둘다 느낄수 있어 좋았어요	1
397	비슷한 나이대의 주인공이 나오는 스파이더맨이랑 비교하면... 이건 뽀뽀뽀 수준이네	0
398	라떼는 말이야... 굉장히 서정적이고 비교적 현실적으로 꾸며낸 연애사.시계가 정해 시간속에 살지 말고 시간이 만들어낸 지금을 충분히 즐기고 최선을 다해라	1
399	한번쯤은 볼만하지만 두번은 안본다. 그시간에 차라리 매드맥스를 보거나 다른 액션영화 보지...고어는 약하고 액션은 중상 스토리는 최악 고구마 입에 물고 보는 느낌이었음	0
400	한국은 진짜 개나소나 감독하는구나.. 접어라 그냥	0
401	영상 스토리 연출 연기 빠지는게 없는강렬하고 묵직한 영화 몰입감도 최고	1
402	고전 추리소설을 한 편 읽은 기분후반으로 갈수록 촘촘한 떡밥회수와 압박감	1
403	다른건 모르겠고 계속 목말랐음ㅋㅋㅋㅋ	0
404	007시리즈가 더 이상 안나오는 이유. 황당한 설정으로 시리즈 전체를 말아먹음. 첫 20분과 ost 말고는 먹을게읍다	0
405	극단적인 상황에 놓인 핵잠수함에서,소련해군들의 깊은 동료애와 희생을 다룬 감동적인 몀화.. 감동적이지만 슬프다..	1
406	아직까지도 기억에 남는... 생각보다 매우 인상 깊고 자주 생각하게 되는 영화.	1
407	생각지 못한부분을 생각하며 느끼게 해주는 귀한것을 감사드립니다	1
408	제발 재개봉 해주세요 진짜 제발 ㅠㅠㅠㅠ	1
409	ㅂㅎ가좋아할듯... ㅂㅎ는 친구이름임	1
410	보조 출연자들만 고생했네.	0
411	어썸 무비임 스트레스도 풀어지는 기분 갖게 만든다 감독 멋쪄부리	1
412	1편에 뜨거운감동을 보여줬다면 인과연은 너무 예뻤어요. 주지훈 흥해라~	1
413	너무 재밌게 봤어요 다들 연기도 찰지고 넷이서 술먹는장면 쫄리면서 웃겨요	1
414	하 ㅠㅠㅠ 마르코랑 노아처럼 나를 설래게 할 남자는 세상에서 사라짐....	1
415	기대안하고 보러갔지만꼭봐야하는.. 완전 강추합니다간접적으로 고통을 함께한 기회였고뉘우침과 바른길로 인도함이 감동이에요	1
416	리바이,에렌 찬양해ㅐ	1
417	메간여깽이 이름만있는 영화내여.온갖영화들을 짜집기했으나...그냥 시간죽이는것도 약간힘든영화. 이영화엔 처음 액트오브벨러가 있고 그담 론서바이버를 거쳐 고스트다크니스가 있으며. 살짝 태양의눈물도 섞임. 더안타가운건 누구하나 군대다녀오거나 사설슈팅클럽한번안가본 상태로 액션연출자 말만듣고 찍은...메간이는 416소총도 버거운상태.에혀다.	0
418	넘재밌고감동적이게봤다는요 아이를잃은엄마의마음이애절하게느껴졌어요	1
419	보면서 너무심심했어요.... ㅠ 영화보다가 나간적은 처음..개인적으로 남주혁 좋아해서 봤는데.. 좀 지루했어여	1
420	배우들의 연기는 수준급이나 스토리에 개연성이나 당위성이 없음. 감독이 시그널+검은사제들+동감 보고 짬뽕한듯	0
421	개미쳤음.,,걍 흔한 공포영화가 아님 내용이 걍 ㅈㄴ신선하고 재밌어ㅜㅠ쿠키영상해석보고 진짜 입이 떠억 벌어짐.,,마지막에 어른서연이 묶여있었단건 과거으ㅣ 어린서연이 19년도까지 계속 묶여있었단거잖아.,,,와 진짜 잘만든 영화같음 미쳤어 제발 꼭 보세요 백번 천번보세요	1
422	영상미는 정말 잔잔하니 좋네요. 뭔개 아쉬운 여운이 남아서 좋네요	1
423	시진핑이 프리홍콩을 외친 후 핑핑이로 변하는 순간 온몸에 전율이 돋았습니다,,	1
424	왜 망한지 알겠다, 진짜 별...	0
425	충격 그자체입니다꼭 보세요초고학년ㆍ중ㆍ고생들꼭 보길 강력추천 드립니다	1
426	엄마와 아들이 봐야할 몇안되는 영화	1
427	요즘 남녀갈등 심해서 이 영화를 보고 여자 불쌍해, 여자들은 피해의식 있어 라는 생각으로 갈릴듯하네요 이 영화는 소외 받고 차별 피해 받는 약자들의 이야기입니다 20년이 지나 이제서야 옥상의 약자들이 거리로 나왔네요	1
428	인류의 멸망에 대하여 진지하게 접근하다.	1
429	애들이 연기를 왜 이렇게 잘해..	1
430	재난시 인간의 이기심과 자비심이 어떻게 나타나는지 보여주는 영화라 할 수 있겠다~ 이기심이 자비심을 먹는다면 인류는 종말을 맞이하겠쥐... 누군살고 누군죽고... 지 혼자만 살고자 하는 것들때문에 영화보는 내내 멍멍짜증이 났지만 이런 영화를 통해 인간의 본성 또한 알수 있다고 봄... 나라 운영하는 것뜰 좀 잘 뽑읍시다 재난시 살 가능성을 높이려면...오카이???	1
431	미지의 영역을 경계하라 무지한 인간에 경고하는 충격적 비극적 SF.	1
432	미나미의 연기랑 OST때문에 더 슬픈듯...ㅠㅠ 죽는게 두려워서 혼자 병원에서 우는거.. 타쿠미 앞에서는 힘든것도 까먹고 밝은거 보면 친구가 진짜 중요하고 하루하루마다 의미있는 삶을 살라는걸 알려주는 영화 꼭 보세요!!	1
433	배우들의 연기와 스토리 구성 완벽한 영화!!	1
434	하지원은 아직두 이쁘네.ㄷㄷ	1
435	3번봤다 이해못해서 발생하는 짜증들이 이해하는순간 부터 소름과함께 시간이 역행한다 진짜다	1
436	배드캅 잡는 굿캅. 정말 정말 너무 뻔한 플롯과 하나 틀림없이 예상대로 흘러만 가는 스토리 전개이지만, 이상하게도 지루하지는 않음. 그렇다고 비슷한 경찰물과 비교해서 새로운 것이 있는 것도 아님	0
437	10점 이상,,,여운 오래남고 봣던 일본영화중에 인생작	1
438	201218[8]걸출한 연기자분들로 가득 채워진 영화	1
439	Free hongkong	0
440	지금 다시 개봉해도 찾아볼거라능	1
441	가볍고 재밋게 보기 좋음	1
442	하...디아더스 이후 오랜만에 반전 영화..가볍게 보다가 소름돋는 영화...생각보다 평점이 낮은데 전 10점 만점 줍니다..	1
443	킬링타임용도 못됐음.	0
444	사회적인  멧시지를 주인공의  열연으로 내 생각을 바꾸게 해 준영화!	1
445	문재앙도 빨리 노짱 따라가라	0
446	10대,20대,30대... 시간이 흘러도, 볼때마다 내 10대시절 처음 봤을때의 설레임과 즐거움을 그대로 느끼게 해주는 영화. 10대 시절 가슴 아픈 사랑과 이별의 고통을 몰랐던 때로 돌아가 나를 마냥 해맑게 만들어주는 영화. 그래서 시간이 흘러도 다시 찾게 되는 영화. 이 영화는 가슴 한 켠에 있는 나의 그리움이다.	1
447	한창 끓던 20대 때 봤을때도 잔잔한 감동을 받았는데~ 이제 40 중반에 다시 보니까 가슴이 막 설레고 눈시울이... 참 어릴 때 추억이 그립네요.	1
448	나쁘진 않았던 것 같아요	1
449	한국판 조제 보고나서 이영화가 더더욱 명작임을 깨닫게 된다	1
450	아무 기대않고 봣는데 펑펑울고잇네요 ㅠㅠ	1
451	인혁당 사건을 영화로.	1
452	내용이 거의 초등생급 영화	0
453	김종관의 영상미가 그려낸 조제 안볼수가 없다.	1
454	스토리가 있고 배경음악이 좋은 괜찮은 영화배우들의 연기도 훌륭.	1
455	ㅋㅋㅋ와 너무 유치한데 재밌음ㅋㅋㅋ	1
456	첨엔 스토리가 어케 되는거지 했다가 점점 빠져든다 맥커너히 넘나 매력적인 그대.	1
457	개봉을 못해 너무 안타깝네요무조건 천만 영화인데요	1
458	1편 만도 못한 2편.실망이다	0
459	음악이 너무 부족.. 주려는 메시지가 너무 적고... 무엇보다 재미가 없음.	0
460	이런 영화가 imdb 평점이 6.0이라니, imdb 6.0 이상은 수작이란 얘기군.	1
461	와 한국에도 이런 영화가 있었네.... 진짜 명작이다 이걸 이제야 보다니.. 타이타닉에 버금가는 감동입니다..	1
462	2019년에 이런 삼류 영화가 나오다니...ㅋㅋ 어이가 없다. 바람 난 남편을 둔 본처나 좋아할 영화.ㅋㅋ	0
463	생명의 소중함을 다시 한 번 일깨워주는 영화였습니다ㅠ! 정말 이 시대를 살아가는 모든 사람들이 이 영화을 한번씩은 꼭 봤으면 하는 바람입니다. 요즘 들어 낙태를 너무 가볍고 단순하게, 또 여성의 권리라고 주장하며 말도 안되는 논리의 시선이 많아졌는데 이 영화를 보고 조금의 변화가 생기면 너무나도 좋을 것 같네요! 사실 임신도 자신의 선택이었기에 성폭력, 강간과 같은 타의적으로 임신한 게 아니라면 자신의 선택에 따른 결과가 초래한다는 것을 알고 낙태법을 폐지하려는 악한 시도가 사라졌으면 하네요. 모든 사람들이 세상을 객관적으로 판단할 수 있는 관점을 가졌으면...합니다.	1
464	바다에서 삼지창 휘둘고 OO고 관종짓하는 영화보다 낫지..	1
465	정말 오랫만에 영화다운 영화를 본것같다내가 전혀 알지못했던 현실세계를 봤다부모와 자녀가 함께보고연인끼리 함께보면 참 많은 이야기를 나눌수 있을것 같다절망과 상처와 아픔을 희망과 소망으로 바꿀수 있는 길이 있음에 감동하며전세대를 향해 권하고싶은 영화다.꼭 보세요~강추합니다!!^^	1
466	쥬라기공원은 레전드지. 수없이 봐도 볼때마다 쫄리고 잼씀. 그리고 OST 들으면 환상과 미지의 쥬라의공원으로 나도 떠나는기분듦	1
467	공리가 너무 아름답다...	1
468	십대-20대 초반 여자분들이 보면 좋을거 같아요 저는 30대지만 딸이 있다면 고등학생이 되면 보여줄거 같네요	1
469	명불허전 연기들 보소ㅋㅋ 빠삐용 찰리 허냄이 최고~!!	1
470	무지함을 일깨워주는 영화였다..	1
471	지하철에서 납치하고. 복장 그대로 그 자리에 놔둔거 보고 현웃 터짐ㅋㅋㅋ 그나저나 위탁 가정 여자 보호자분은 보면 볼수록 안젤리나 졸리 닮았네ㅋㅋㅋ 옆 모습은 대박ㅋㅋㅋ 샤!잠!	1
472	기대없이 걍 봤는데..생각보다 신선해요무엇보다 전 첨봤는데...전종서 OOO기!!!!대박입니다~ 추적자 하정우 이후 최고의 캐릭터~	1
473	송윤아 캐릭터 재수없네  ㅋ	0
474	개봉후보고 오늘다시 보았는데 .. 배우.연출.영상.음악 모두 완벽한것같습니다...ㅜㅜ	1
475	외로운 두사람이 만나면 행복해진다.케이와크림은 첫소절이 비슷하니까 가족이다.너와함께 한 날들 평생잊지 않을께...이 영화 오랜많에 눈물짓게 하는 영화... ㅠㅠ	1
476	재미없다고 해서 안봤는데 ㅇㄷㄱ이 재밌다고 해서 봄. 좀지루한데 연기지림	1
477	ㅋㅋㅋㅋ전종서 연기만 보면 재미있음	0
478	진짜이런거 처음써보는데 진짜 존1나 욕나오거 재미없다 시간버리지말고 거르세요제발	0
479	시작은 평범한 독립영화,중간쯤부턴 술담배의 해로움에 관한 공익영화, 마무리는 기묘한 영화	1
480	인셉션은 사칙연산 수준이었구나... 다행히 나만 이해못한게 아닌듯 ㅋ	1
481	먼가 어정정해 액션이라기도 뭐하고 그렇다고 스릴러같지도 않고 개그도 약하고 첨보물 이라기도 좀 그렇고	0
482	기대하고 봤는데 안나 발끝만큼도 못한 영화. 영화 특성상 러닝타임 짧아서 못담아냈다기에 같은 장르인 안나는.... 스토리도 연출도 액션도 2020년대에 뒤떨어짐. 왜 여자평점은 이래높지?	0
483	오랜만에 직설적이지 않고 함축적인 장면이 많은 영화였으나;;; 둘 다 연기 너무너무 아쉽다. 한지민은 진짜로 배역 해석이 잘못됐고 연기도 못하고 ..남주혁은 그나마 잘했는데 얼굴에 표정이 너무 없다.	0
484	2020 가장 짜릿한 결말 50-50	1
485	정말 사랑한다면 이렇게 할 각오로 사랑해야한다는 것을 느낀 영화	1
486	줄거리를 되짚어 볼수록 소름돋는 내용이네요영화 내내 몰입해서 재밌게 봤습니다	1
487	재밌긴한데 박신혜 왜그랬을까?내가 박신혜였다면 전종서를 도발하지 않았을거야. ㅋㅋ	1
488	사연의 개연성이나 설명 없이 그냥 그렇게 됐다고 툭 던져주는 것만이 맘에 안 들었을 뿐 그 외엔 스토리 구성도 독특하고 감동적이고 뭉클해지는 영화였다.	1
489	지금시기에 보면 딱 좋은영화 감동적이네요	1
490	이렇게 재미없기도 힘든데.. 영화배경만 옛날이 아니라 영화수준도 옛날로 역행함. 보는내내 언제끝나나라는 생각만 들었고 극후반엔 그냥 껐다. 너무 뻔하디 뻔하고 진부하며 특색없고 유치한 그러한 삼류영화.	0
491	아이리스가 넘공감이안됨... OO도아니고 마지막에도 헤어진다했음또받아줬을거자나 걍노답임 남자보는눈이 저러면 또 저런데흔들림	0
492	샤샤 죽이고싶다 보는내내 짜증나네	0
493	OOO 헤어짐이 될 뻔한 그저 그런 사랑이야기	1
494	진심 노잼... 네이버 평점 이제 거른다유치의 최고작	0
495	유쾌하다 목발 친구 연기 넘잘해	1
496	저질영화 끝 할말이 없음	0
497	아빠 살리고 그때 검색만 안 했으면 좋았을텐데..그래도 연기력이 미쳐서 너무 재밌었음	1
498	이와우외왜왹ㅂ디ㅣㄹ	0
499	강수연 리즈시절....	1
500	나는 그저 사랑을 받고 싶었어, 너의 향기로.	1
501	진짜 그 시대에 이런 명작을 만들어냈다는 게 대단.. 미야자키 그는 애니계의 역사라고 할 수 있다..	1
502	호그와트 삼총사랑 헤어지기 싫어요...	1
503	진짜 내가 찾던 크리스마스 겨울영화 따뜻하고 따뜻하고 따뜻해	1
504	재미, 감동, 영상미 1도 없었습니다... 여태껏 본 영화중 최고로 재미없었고 개연성도 없네요 실망이 큽니다ㅠㅠ평점이 8점대 이해가 안가요	0
505	세상에 정의가 있다면 그건 우리가 살고있는 세상이 아니다.	1
506	일단... 주드로를 보면서 몹시 큰 잘생김을 느꼈다. 카레닌을 잘 표현했다 싶으면서도 클로즈업할 때마다 그의 훌륭한 잘생김에 감탄을 하였다. 연극 세트같은 공간 연출이 인상깊었으나 카메라 워크나 장면전환에 불필요한 에너지가 많이 들어간 느낌이고, 보다보면 그게 자연스러운 극의 흐름을 방해하는 것 같다는 느낌을 받는다. 하지만 안나 카레니나의 분위기에 걸맞는 시도해볼만한 연출이었다고도 생각한다.많지 않은 대사와 미장센만으로도 이야기가 고조되는 것이 세련된 부분도 있었고, 다소 과해서 느글거리는 부분도 있었다, 음악도 넘 좋았고, 눈이 즐거운 영화이다.	1
507	한지민 남주혁 진짜 연기잘한다..마지막에 아이유노래 듣고 더 감동받음 ㅠㅠ	1
508	로코보러왔다가 눈물이 멈추질않아	1
509	샘 휴건 사랑해여 밀라쿠니스도 좋아함모건역 나오신분도 너무 연기 잘하고 덕분에 재밌었음... 근데 정말 레알 킬링타임ㅋㅋㅋ	1
510	아 예상보다 너무 재밌었다. 특히 연출, 연기. 워싱턴과 라이언	1
511	입추의 여지가 없는 한국 느와르계의 최고봉!	1
512	나와 내 동료들의 모든 위험을 감수하고 정직하고 명예로운 선택을한 네이비씰과 족장. 우리 모두가 그들처럼 올바른 길을 갈수잇으면한다	1
513	나와 내 동료들의 모든 위험을 감수하고 정직하고 명예로운 선택을한 네이비씰과 족장. 우리 모두가 그들처럼 올바른 길을 갈수잇으면한다	1
514	나와 내 동료들의 모든 위험을 감수하고 정직하고 명예로운 선택을한 네이비씰과 족장. 우리 모두가 그들처럼 올바른 길을 갈수잇으면한다	1
515	수정되는 순간부터 인간이다. 낙태 시술 장면에서 흡입기구가 들어가자 피해가는 아기를 보며 얼마나 울었는지 모른다. 도대체 무슨 권리로 아기를 죽인단 말인가. 여성인권? 그럼 태아인권은? 정말 이 시대의 모두가 다 봐야하는 영화. 낙태가 얼마나 큰 죄인지를 알 수있는 영화 .	1
516	모든 면에서 명성과 기대에 비해 형편없다.	0
517	진짜 이영화 본 시간이 아깝다...중간에 끔..뽀로로가 더 재밌음..	0
518	불쌍해서 못봐주겠네  ㅜㅜ	1
519	좀 미화같긴해도 재밌었어요	1
520	별시리 내용도 감동도 억지스럽고 쩝	0
521	시간가는줄 모르고 긴장의 연속으로 본 영화... 현실판 지옥도 속에서 희망을 향한 젊은이들의 발악이 눈앞에 펼쳐졌다.	1
522	낙수효과란 없다.가장 밑바닥은 운영진도 알 수 없는 층이었다.아래층까지 음식을 분배하려는 두사람의 폭력적인 노력은 얼마나 힘든 것인지. 그에 반발하는 사람들은 공산주의냐 비웃고 반발하고. 책을 선택한 주인공은 가장 이성적이지만 동시에 순진한 이론가이다.지금의 대한민국을 보는 느낌.아래층까지 음식을 분배하려는 방향에 박수를 보낸다.나는 칠십몇층 쯤 있는것 같다.	1
523	모든것을 잃어버린 후에 다시 시작되는 인생! 상처를 안고, 웃는법을 배우는 것,  살아가는 것이 인생인거 같다. 산전수전 공중전 까지 다 격은 후구이가 마지막에 누구보다 활짝 웃으며 가족들과 만두를 먹는 모습이 인상깊게 남는다. 코로나로 힘드시는 분들. 꼭 보세요	1
524	몰입도는 꽤괜. 그러나 설정상 오류가 너무 많음 .. 그래도 난 개인적으로 볼만했다고 생각함. 그냥 한 번쯤 봐도 시간이 아깝지는 않은 영화	1
525	이게 재밌는애들은 초등학생들인가..	0
526	이걸 영화라고 해야하나요 결론이 없네여....적극 비추합니다.	0
527	이건 감독 섀끼가 쓰레기임	0
528	점점 스토리는 산으로 가는 느낌이고주인공은 암 유발자...연기는 진짜 10점 줍니다	0
529	어딜 개잡 쓰레기  영화를 대부랑 비교를 하냐	0
530	범죄에 향한 목적은 범죄여야 하는가. 우리나라의 입장에서는 이해하기 어려운 상황의 영화. 그래도 화면의 색깔까지 바꾸면서 성의있게 그려냈다는 점에서 인정.	1
531	가슴아픈 영화. 절대있어서는안될어린이성폭행영화.	1
532	보기드문 꿀잼작입니다.	1
533	201218[9]간만에 소름 돋는 새로운 미져리를 봤음. 근데, 마지막이 너무 허접해요.	1
534	원작에 비해 개연성도 없고 ... 감흥 제로 휴지 왜 챙겨갔지	0
535	완벽해 아주 ~ 이런 영화는 더 많이 만들어져야해	1
536	제임스하든이 인버스로 스탭백 하는 영화	0
537	무조건 10점	1
538	배우들 연기지림 평점 왜낮은지 모르겠는데 별테하지 마라...	1
539	연기대신 박수쳤음 됐지~~~~	0
540	정말 솔직히 말해서 평점이 왜 이렇게 높은지 모르겠네요. 이 유명배우들로 영화를 이렇게 만들수 밖에 없었는지 묻고싶네요. 개그코드를 맞춘건 있지만 이건 좀 심하다고 생각합니다. 제 기준 C급 아니 D급 영화 입니다. 정말 좋아하는 이 배우들로 너무 아깝습니다...;;;;	0
541	웃음과 따뜻함 모두 담겨있는 영화. 억지스러운  신파가 아니라 더 좋았다	1
542	세상에 우리나라에 감성충들이 이렇게 많구나 말도안되는 감성을 잘 짜내는구나,,이걸 10점 주는 신기한 사람들도 많구나 느낀 영화	0
543	초등학생 때부터 트랜스포머를 영화로 봐왔던 세대인 저한테는 엄청난 파장을 주지는 못했던 것 같아요.	0
544	ㅋㅋ 아니 왜 집착을 하지? 설정부터 말이 안되지.	0
545	실존주의 들판에서 전쟁의 상흔과 무의미한 죽음의 굴레가 아닌, 생명력의 꽃잎이 날리고 희망의 노래가 울리는 방향의 지도를 찾아 달려가는 연극 같은 체험의 현장.	1
546	내 인생 최고의 영화.. 2시간 내내 너무 즐겁고 행복했다.	1
547	연기가 정말 최고에요. 연기만. 이야기 전개를 위해서 인지는 모르겠지만 굳이 굳이 가만히 있으면 될걸 위기를 혼자서 생성하는 주인공을 보며 고구마를 먹다못해 마시는 기분이었습니다. 쟤도 참..가만히 있으면 반이라도 간다는게 이런 건지..주변사람 다 죽이는 것도 참..에휴.. 말하기전에 생각하고 말하자라는 좋은 교훈을 얻기는 개뿔 이건 그냥 주인공을 바보로 설정해서 이입 하나도 안가고 보는 내내 답답하기만 했습니다. 반전 좋아하시고 연기를 보시는 분들은 정말 만족스러울 듯한 작품이지만 저처럼 답답한거 싫어하시는 분들은 무조건 피하세요 제발..미래에서 보지말라고 call이라도 해드리고 싶은 마음입니다.. 영화보고 처음으로 감상평을 쓰게 하네요.	0
548	2차대전 현장에 있는것 같은 대리 체험	1
549	잘 자고 왔어요...지루지루지루	0
550	영화를 보는 내내 눈물을 많이 흘렸습니다 저도 낙태를 여러번 하였는데 태아를 살아있는 생명으로 인지하고 낙태가 살인이라는 인식이 있었으면 낙태 함부로 못했을 겁니다	1
551	후벼파네요 ㅠ	1
552	통쾌함 뒤에 찾아오는 씁쓸함	1
553	2020년이 가기전에 한번 더 보는 영화황정민 라면연기에서 울어따.	1
554	얼마나 고생스럽고 평생이 외로우셨을까 고작 13살 어린 나이에..	1
555	솔직히 영화 중반까진 8점 이상줘도 될만큼 스릴넘치고 재밌었는데 너무 후반부가서 스토리가 과하게 오바싼듯;;; 무슨 또 반전에 반전 주려고.. 암걸리는줄 알았음 차라리 조커처럼 시원시원하던가 기분만 불쾌해지네	0
556	잔잔하면서 깊이있는 사랑과 현실을 잘표현한거같아요	1
557	니네는 가난이 창피한게 더 크지?초반부에 남주 다 말라서 죽기전에 지나가는 인간들 미국군 보기에 창피하다고 하질않나 참ㅋ 주인공 아이들이 불쌍은 하다만 원래 잘살던애들이라 맛있는것도 참 많이먹고살더라 우리는 일본한테 쌀뺏기고 소뺏기고 먹을게없는건 한참 전부터 없었는데 애들이 죽긴해도 맛있는거 다 쳐먹고 누릴거 다누리고 죽었고 남자애ㅋ지들이 전쟁에서 졌는데 총쏘는시늉하고 놀고 재밌지?일본놈들은 대부분 잘살던것들이라 가난한게 더 창피하게 느끼고 그 가난한것도 얼마안가 다시 돌아왔음.마루코는 아홉살이라는 만화를 보면알수있음.우리는 검정고무신 걔네는 마루코..우리는 라면이나 콜라만해도 정말 귀하고 티비?냉장고?부잣집 아니면 없는것들을 일본은 같은시대에 티비,냉장고 기본에 스테이크나 비싼것들 잔뜩먹고 이딴 영화보고 불쌍하게 느끼면 안된다우리나라에서 각잡고 작화나 스토리 잘짜서 독립운동과 우리나라의 아픔을 보여주는 애니메이션이나 영화 만들어서 기생충만큼 흥행시켜야함감상평:니들이 가난함에 창피를 느낄때 우리에겐 당연하게 여겨지는게 가난이고 니들이 폭탄맞아 친구가 죽고 가족이 죽는게 슬프면서 우리는 여자들 다 끌려서가 강간당하는 성노예되고 남자들 총알받이 고문용으로 끌려갔다.이딴영화보면서 눈물을 흘리기엔 너희들보다 우리가 백배 천배 불쌍하고 슬프다 나라잃은 슬픔 니들이 알까.	0
558	전종서 미친 연기 잘하네. 그외는 스토리도 진부하고 영상미도 웃기고 박신혜답답하고 욕만 디따하고 기분은 잡침. 시간낭비했다...	0
559	여러번봐도 노래가 나와서인지 지루하지않습니다.	1
560	엥? 한번 더 보고 싶어서 넷플 보니 없어진거 같던데ㅠㅠ 코믹+감동 따뜻한 영화	1
561	많은걸 생각하게 함~  재미도있고 태국영화라는게 믿기지않음	1
562	선명한 주제 의식 그리고 그걸 뒷받침 못하는 디테일	1
563	버닝에서도 좋았지만 확신은 없었다. 전종서는 콜에서 완벽하게 증명해냈다.	1
564	뭉클하네요 감사합니다.	1
565	웰메이드 킬링타임용 영화 ㅋㅋㅋ 개그코드 취향 저격임	1
566	걍 그럼.. 진짜 볼거없을 때 가벼운맘으로 보시길	0
567	생수같은 청정한 영화 좋았습니다	1
568	b급킬링타임 ㅋㅋ 생각없이 웃고싶을때 보면 좋을영화에요	1
569	전 나름 괜찮은 구성이었다고 생각합니다.굳이 부산행과 비교하려니까 말들이 많은거지	1
570	최고입니다왜 이영화를 영화관에서 보지 못했는지 후회되더라구요 도경수라는 배우 정말 멋지더라구요연기, 연출, 스토리 머 하나 빠지지 않는 영화^^	1
571	최고의 액션 사람을 저렇게도 죽이는구나..	1
572	한지민보는거빼고 너무 지루하네요 진부하고..감상평 처음남기네요	0
573	여주 어머니♡	1
574	방금 봤어요! 넘 재밌네요!	1
575	때론 부모의 탐욕이 아이를 숨막히게 할 수 있다는 메시지를 담은 1시간반짜리 메타포. 아이는 당신의 소유물이 아니다 평점 교정용 10점	1
576	작금의 시대에 이런 부귀와 자유를 누리게 해준 선배들에게 감사드리며 다시는 영화같은 세상이 되풀이 되지않게 열심히 시민으로서 감시활동하겠습니다	1
577	정말 잼있게 잘봤습니다 연기력도 좋고 내용도 좋고 연기자분들 다들 대박나세요^^	1
578	최고!! 음악 미술 연기 스토리 모두 완벽	1
579	등급은 15세이지만너무 높지않나 싶어요..요즘 12세에도 이상한걸 많이 내보내던데 ㅠㅠ암튼 청소년들이 꼭 봐야할것 같아요.요즘 아이들 성교육은 피임위주이니.. 그것보단 생명의 소중함을 아는게 중요한것 같아요초등고학년부터 학생들 꼭 보세요!젊은 청년들도 꼭 보셔야해요 ㅠ인권이다 페미다 사회추세가 흘러가지만그건 문화일뿐 진리는 아니거든요.우리모두 작은 태아부터 시작했고 태아의 생명은 존중해줘야 합니다.그리고 낙태는 명백한 살인이고요.강추합니다!!	1
580	우리 인생도 흐르는 강물처럼.	1
581	색다른 스토리와 눈부셨던 배경들..	1
582	아무리 영화 바닦이 코로나 때문에 힘들어도 평점 작업은 제발 하지말자 이건 뭐 삼류 B급도 안되는 것 같은데이런걸로 돈벌심산이면... 너무 날로 먹으려 그러는 것 같다	0
583	영화를 다본후에야  거의 3시간이 가까운 영화임을 알았을정도로 시간가는줄 모르고  빠져서 본  재미있고 감동도있고 여운도있고  자연풍경도 아름다운 좋은 영화이다.	1
584	음... 난 여잔데 왜... 감흥이 없지....;;; 왜멋있는지 모르것지;; 음..	0
585	최대한 오리지날 스토리를 담을려고 노력했고 영상미도 죽임.	1
586	재미가좋구만좋구만	1
587	아이러니하게도 지금 현 시대도 독재시대다	1
588	일베충들 및생각없는 자칭 보수들만싫어하는 영화.대한민국 민주주의는전세계 어느 나라보다 훌륭합니다.	1
589	라이토 볼때마다 유세윤 생각나  아....	0
590	민주화랑 공산화를 구분못하는 반정부가 무엇인지 현재와 이 영화를 보면 알 수 있다. 전두환 대통령 민주적이네 국민을 두려워 할줄 앎	0
591	최악의 캐릭터 최악의 BGM 최악의 스토리오랜만에 영화보러가서 기분만 잡쳤다	0
592	내 인생 영화 중 하나 입니다.	1
593	순수한 어린 시절로 돌아가는 느낌과 감동을 선사하는 이야기, 어린날 동심을 되찾아주는 영화에요! 애니메이션이지만 남녀노소 상관없이 모두가 즐길 수 있는 영화에요	1
594	핵노잼영화 오랜만에 보는거 같았어요,,,지루하고 조용하고 재미도 없고 13000원이 너무 아까운 영화였어요	0
595	객관적이고 훌륭한 다큐입니다 ㅇㅈ	1
596	저예산으로 쫄깃쫄깃하게~	1
597	박신혜연기만아니면 훨 시너지좋았을..	1
598	현재를 살고 있는 사람이라면 이 영화를 보지 않아도 좋다. 이미 이 영화가 말하고자 하는 사건과 의미가 모두가 현실화 됐기 때문이다. 그리고 이 모든건 다시 반복되기 마련이다. 역사가 가르치듯이.	1
599	토이스토리를 보면 눈물이 나는 이유	1
600	여기 평점..흐름이다비슷함.. 다 연기좋았다는 글 일색. 원작 평점댓글보면 명대사 감동포인트들로 각양각색인데.. 여기도 알바를 푸는가. 아니겠지.	0
601	영화 보는 내내 마음이 아프게 감상했네요 ㅠ주소정 아역배우님 앞으로 응원할게요!!	1
602	보다가 휴지 여섯장 뽑음ㅠㅠ	1
603	네이버 평점 보고 볼까 말까 고민하다가 봤는데집 자동차 옷 이런 시대적인 아이템들 보는 것도 재미있었고 좋았어요추천합니다	1
604	보는 내내 덱스터 생각났음	0
605	흑백영화라 더 좋았다. 왜 나는 지독한 사랑이 없을까	1
606	정말 보는 내내 잔잔함 속에 여러 감정들을 잘 표현해 준 거 같아서너무 잘 봤습니다 :)	1
607	남자주인공이 연기는 좀 부족하지만 매우 훈훈하고 착한 인상임. 그리고 타케우치 유코가 나와서 찡했다.	1
608	웃고 울고 생각하게 하는 영화	1
609	원더가 너무이쁨  싸우는장면에서얼굴에가면도 안쓰고 상처하나 나지않는게 신기함.ㅋㅋ	1
610	진심 대작입니다. 와 오랜만에 엄청재밌었네요	1
611	정말 기승전결이 완벽히 끝난 영화.이 후유증을 어떻게 잊어야하는지... 2020년 하반기 최고의 영화	1
612	나의 인생 2시간을 지워버림. 모두가 꼭 봐서 함께 인생을 지웠으면 좋겠다.	1
613	you’re my wonderwall	1
614	정말 재밌는영화, 20살이 생각나는구만	1
615	모태쏠로5꽃무니블라우스 웨딩사진ㅇㅂㄴ떡인척소름 아무도못들었다 웬버스?	1
616	이미 우리가 다 알고 있는 것들에 대해, 다시 한 번 생각하게 해주는	1
617	영화에 한 번 놀라고 아역배우 주소정양의 연기에 한 번 더 놀랐습니다!! 연기력 때문에 더욱 집중하면서 봤어요!	1
618	알고 있었던 것보다 훨씬 끔찍해서 충격이었습니다ㅠ	1
619	장항준 감독님 좋아해서 지금 보고 있는데... 다른 건 모르겠고 음악이 너무... 아쉽다	1
620	감동이에요...ㅠㅜ	1
621	한생명이 얼마나 소중한지 알게하는 영화입니다 여성들은  자기결정권 이전에  생명을 더 소중히 여기는 모성애를 가진 특별한 존재입니다 또한 생명을 잉태하는건  여성만이 누릴수 있는 특권입니다	1
622	음..추석특선영화때까지 기다릴껄..한지민 남주혁은 정말 예쁘고 잘생겼고 천상 배우다. 스토리는 빈약과 뜬금, 영상미는 b급.일본 감성 이해못하겠다.배우들은 촬영내내 우울함과 슬픔속에 쪄들은것같아서 짠해보였고 관객에게 감동은 욱여받아랏 수준의 영상이랄까..	0
623	2000년대인 지금도, 이런 비극이 벌어지고 있다는게 너무 슬픈것 같습니다. 대원을 챙기는 대장이 너무 존경스럽습니다.	1
624	남녀노소 상관 없이 꼭보셨으면 좋겠습니다.. 보면서 너무 인타까웠어요.. ㅠ꼭보시길	1
625	생명의 소중함을 일깨워준 소중한 영화 그리스도인들은 꼭 보시길 추천해드립니다모든 생명은 하나님의 원형입니다역대하 7장 14절내 이름으로 일컫는 내 백성이 그들의 악한 길에서 떠나 스스로 낮추고 기도하여 내 얼굴을 찾으면 내가 하늘에서 듣고 그들의 죄를 사하고 그들의 땅을 고칠지라모든 인류가 죄를멈추고 주님께 돌아오길 소망합니다!!	1
626	아역배우 주소정양의 연기 대박 라이징스타~~♡	1
627	전쟁 영화를 좋아해서 영화는 재미있게 봤습니다. 근데... 실제 전투에서... 홍범도는 장군도 아니었고, 제2연대장이었고, 오히려 해당 전투에서 상급자의 명령을 어기고 퇴각했는데... ㅎㅎ 영화 스토리는 허구입니다.	0
628	최고! 오랜만에 몰입도 만점영화를 봤네요.	1
629	꼭보세요.. 여운이 너무길어요	1
630	우리나라랑은 안맞긴  함 ㅋㅋㅋ 미드 프렌즈나 빅뱅 보던 분들이 보면 킬링타임하기 적절할듯 브래드피트 더 보고싶었는데 아쉽네	0
631	아이랑 볼 영화 찾다 우연히 봤는데 어른이 봐도 잼있네요.중간중간 뮤지컬도 섞이고^^어른아이 모두 재밌게 봤습니다.	1
632	너무 감동적인 영화 과거로 부터 우리가 많이 죽인 아이들을 위해 기도하게 됨(산아제한 정책으로 죽은 아이들)눈물이 멈추지 않음그러나 정죄하지 않는 영화 배우고 싶은 따뜻한 마음	1
633	요즘 청소년 비행 교육으로 보여줘도 될 만큼 아주 훌륭한 영화라 생각합니다.생명의 소중함. 정말이지 첫 장면부터 주님만이 알고 이름 모를 아이가 살려고 움직이는 모습을 보자마자 화도 나면서 제가 다 미안하고 부끄럽고 죄송했습니다. 여러가지고 많은 생각을 갖게 해주는, 어느 하나 트집 잡을거 없이 시간 가는줄 모르고 봤네요. 꼭 추천합니다!	1
634	내용은 솔직히 잘 모르겠어요아이유가 부르는 ost가 제일 좋았음	0
635	무서워서 병원도 못가겠네	1
636	난 영화를 본적도 없고 평점남긴적도 없는데왜 만점을 이영화에 주고좋은 내용의 댓글을 쓴걸로 나오네...평점 조작에 내 아이디가 도용되다니!	0
637	아는내용인데 왜이리 눈물이 나는지ㅠ	1
638	분노연기의 교과서. 나름 숨보명	1
639	연기가 허접해서 집중하기 힘듬 감동 포인트에서 배우 표정보고 분위기 깨짐 그나마 이런갬성치곤 고등급... 근데 신인이 하기엔 이런 연출 좋지 그부분에선 불편러들 너무 짠듯 한국은 무저건 b급갬성으로 2년 해먹어야됨 워낙 평은 잘해서(다 고퀄이라) 그러다 이런 영화보여주면 한단계 상승하지 드웨인 존슨이 나오는것도 cg가좋지 연기력은 개나주는 영화도 못따라옴 평가기준이 상영기준이 되버리리니까	0
640	영화를 본적도 평점을 남긴적도 없다.그런데 왜 내 아이디로 평점 높게 등록된건지 이해가 어렵다! 평점 조작에 내 아이디가 도용되다니!	0
641	제발보지마세요 돈고ㅓ시간을버리는거에요 ㅠㅠㅠ 진짜 쓰래기영화 후기보고 봣다가 진짜 뒤퉁수맞음 스토리가 없고 텅텅빔	0
642	재미도 감동도 없음..이거 펑점 왜케높음 알바지ㅔ	0
643	평점 1점도 아깝습니다	0
644	세드엔딩일까 해피엔딩일까뛰어난 연출에 완벽한 연기력이 더해져 나도 모르게 빠져들어 보게 된다.	1
645	막 진짜 재밌다는 아닌데 몰입감높고 배우들 연기도 좋고 잔잔한 감동 간만에 영화 좋은작품 봤습니다 시기를 잘못만나 코로나 아님 200~300만을 갔을법한 작품인데	1
646	예전 갬성으로 보는 영화,, 내 책받침의 주인공 조현누님은 어디로??	1
647	2시간동안 집중해서 봤어요 표정 말투 감정묘사 너무 잘해주셔서 몰입할 수 있었습니다	1
648	이게 실화라는 게 아직도 믿겨지지 않는다....	1
649	잔잔하고 위태로움이 공존하는스토리와영상미가 돋보임	1
650	제 점수는요...더이상은 무리에요.	0
651	영화를 평가하는 사람은 일반시민이 아니던가?원래 모든 이야기의 스토리는 뻔한  것이다. 그것은 하나도 이상한 것이 아니다. 다만 거기에 어떤 사회의 어두운 부분을 담았으며, 그 가운데 어떤 해학이 있느냐다. 거기에 어떤 볼만한 것들을 표현했느냐는 보너스이다. 나는 서민의 서민에 대한 서민에 위한 의미있는 영화라고 생개한다. 개인적으론 OST 투자를 조금 더 했으면 어땠을까 생각한다. 그렇다고 나쁘단 이야기는 아니다...	1
652	한솔로 죽음이 너무 안타깝네 40년만에 출연인데 죽음이라니..	1
653	이시대를 살아가는 모든 사람이 이영화를 보기를 추천한다!!! 가슴을 , 따듯하게 만들어주며 , 불같은 열정을 보이게한다!! 내가 세상을 살아가야할 이유는.앞으로 패치아담스 덕분이다. 또한 연출과 , 연기력또한 매우 훌륭하다!!!. 그누가 패치 아담스를 욕할수있는가!!! 인간이여 , 열정과 정열로 가득한 인간이여!! . 패치아담스를 보고 배워라!. 이시대에 모든 사람들이 이 영화를 보았으면 한다.!- 연극영화과 재학중인 학생 올림 -	1
654	정말 봐야하는 영화입니다	1
655	문재인 정권에서 이루어지고 그에 따라 감독이 편승해서 만드는 전형적인 좌파영화. 운동권 미화 김대중 미화영화. 이딴게 평점 8점??? 상대편은 멍청하고 억지스랍게.빨갱이빨갱이 거리는 인물들이고 김대중 가족이나 주변인물들은 자애롭고 가족 애에 국민 애 에 가득찬 전형적인 국민들 세뇌선동영화	0
656	울음 참는데 힘들었어요ㅠㅠ	1
657	재미없어서 그냥 보다 나왔습니다	0
658	제 인생영화에요꼭 보세요	1
659	공학적 지식은 개나줘버린 무식한 문과출신 감독을 잡아 족쳐야된다	0
660	개재밌다 돈하나도안아까워	1
661	추억 속에 사는 남자 , 추억으로만 남은 여자	1
662	왜 흥행되지 못했는지 이해할 수 없는 영화.넷플릭스 떠서 우연히 보게되었는데 마지막엔 눈물 흘리고 있었음...	1
663	운동권 미화영화임 장르가뭐냐	0
664	재미없음 재미없음 재미없음	0
665	스토리 개 탄탄하네네ㅣ	1
666	생각보다 별로,  금방잡은 물고기가 퍼덕이지않고 다 죽어있는것은 옥의 티..	0
667	영숙역할 전종서 연기 진짜진짜 잘하시네요 재밌게잘봤어요 !	1
668	내생애 최고의 영화입니다.,.	1
669	모슈쿠라.최선을 다했어	1
670	반전 또 반전 집에서 할짓없어 넷플봣는데 새로운 스토리 첨에 그냥 무섭고 잔인하겟거니만 햇는데 스토리가 와마 끝날때까지 끝난게 아님	1
671	미국에서  헐리웃영화랑 같이 개봉했어도 더 흥행했다더니 왜 그런지 알겠어요~^^너무 감동적이에요ㅠㅠ 마음이 힘든 요즘시기에 위로 되고 도전되는 영화네요	1
672	중고생, 성인 자녀와 함께 보면 좋은 영화!! 실화라 더 감동입니다^^	1
673	무교인데도... 정말 감명깊게 봤습니다. 실화바탕 종교 관련 영화 중 최고인 듯 합니다... 한 번 더보러 가려구요ㅠㅠ	1
674	아무 정보 없이 봤다가 욕만 잔뜩하고 나온 영화.이런 정치영화는 정부지원 잔뜩 받겠지.영화로 역사를 가르치려드는 좌파판치는 영화계의 백미.	0
675	슬럼프인사람 추천	1
676	잠 잘 잤다....자장가 같은 영화네 ㅅㅂ OO다	0
677	그림체는 마음에 드는데 뭔 내용인지, 몰입감이 없다	0
678	진짜 고구마 1000개는 먹은 거 같네	0
679	생명이 있는 사람이라면 꼭 한 번 봐야할 영화입니다. 연인과도. 부부와도. 자녀와도...무지하면 죽을수 밖에 없음을 깨닫게 되고나를, 자녀를, 이 세상을 살리는 영화입니다. 실화라는 것이 더욱 봐야할 이유이구요.	1
680	다큐라서 넘 좋았고 지루하지 않으면서 그 나라의 문화를 통해 예수님의 재림을 이해할 수 있었습니다 정말 꼭 보시길 강추드려요	1
681	원작과의 비교는 피할 수 없는 숙명임을 알고 제작했을 걸 감안하면 '연기도 각본도 깊이있는 재해석 없이 배끼기에만 급급했다'는 생각이 들어 아쉽네요.	0
682	평가할 가치가 없는영화 미친듯한 답답함	0
683	학교에서 봤는데 뭔내용인지 모르겠어요	0
684	혈육보다 훨씬 진한 관계가 분명 있다는걸 다시느끼게 해준 영화	1
685	정말 울림이 컸습니다다시보고싶은 영화 오랜만이었네요진정한 인권이 무엇인지 정말 중요한 메세지를 들을 수 있는 기회였던거 같아요부모님 따라서 온 학생들도 우는거 보고 더 울컥했습니다	1
686	팬텀팬이면 꼭 보세요 음악은 역시역시 좋아요	1
687	예상만큼 그닥 재미있진 않았다	1
688	노잼은 노잼인  것이다.  어려운것을 쉽게 이야기하는게 영화쟁이의  필수적인 능력인데, 놀란 감독은 자뻑이 넘 심한듯 하다. 이 영화는 그냥 관객 우롱이다. 알수없는 미래기술 받아서 회전 드럼통에 들어갔다 나오면 시간이 역전된다는 나태한 설정과 드래곤볼 조립된 결과물은 허접해서 밸런스가 괴이한데 영화가 너무 진지해서 이상함. 과학과 철학의 시간 패러독스를  첩보액션물로 만드는 능력은 인정. 역시 대감독 답다.	0
689	그리스도인이라면 꼭 봐야 하는 영화	1
690	제발 좀 열리고 수용해라. 세상이 바뀌어가는데 너만 그렇게 닫혀있냐 ㅋㅋㅋ이런 영화들, 다양성을 다룬 것들이 수백수천편이 더 나와야만한다. 진심으로 응원한다.	1
691	학창시절을 한 번 돌아보게 만드는, 생각해보게 만드는 영화. 폭력과 우정 사이. 친구들 사이의 미묘한 감정을 잘 그렸다. 욕이나 폭력적인 장면이 좀 덜 들어가면 좋았겠지만, 욕이 나오는게 사실 저 때의 남학생들의 모습으로는 더 현실적이다. 그런데 파수꾼에 나오는 주인공들이 사실 어디서 본 듯도 하고 낯설지 않지만 잘 생각해보면 현실에서 마주하기 어려운 학생들의 모습이 되어야 하지 않나 생각해본다. 기태에게 생긴 일은 제대로 소통하는 법을 몰랐기 때문이기도 하지만, 언어적, 신체적 폭력은 성인들에게 당연히 그러하듯 청소년들에게도 용인되는 게 아닌데 남학생들 사이에서 우상이 될 수 있는 매개로 쉽게 이용되어 왔고, 그로인해 영화같은 상황이 생겨나는게 아닌가 싶다.	1
692	내가 본 모든 것은 영화가 아닌 현실이었다.	1
693	잔잔해서 마음 편하게 보기 좋아요 !	1
694	짱잼존잼! 보는 내내 의자를 꽉 잡고 있어서 보고 나서 힘들었던 기억이 ㅋㅋㅋㅋ 재밌어요	1
695	나도 저런 사랑을 해보고 죽을 수 있을까?	1
696	약먹고 만든 애니메이션인가 싶을정도로 캐릭터들이 다 멍청해보인다. 사랑스럽지 않고...심지어 주인공도....디즈니가 아니다.감동적인 디즈니를 기대한다면 보지마세요. 마음 버립니다.	0
697	대한민국에서도 상영된다니 믿기지않네요.고맙습니다^^	1
698	드디어 한국에도 상영하네요~~~^^	1
699	상황과 사건에 처한 인물을 보다가 문득 돌아보면 울고. 웃고 그럼에도 작은 것 하나에 이겨내고 다시 한번 희망을 품어보는 우리의 삶을 묵묵히 담고. 닮았다.	1
700	30분보다 너무 재미없어서 꺼버림	0
701	책을 안보고 봤다면 더 높은 평점을 주었을 것 같다. 현재 코로나로 인한 상황이 떠오르기도 한다. 책 내용 중 빠진 내용도 있긴 하지만 소설과 거의 비슷하다. 책을 읽으며 주요 내용이라 생각했던 부분이 대부분 들어가있긴 했으나 집중 안하고 봐서 그런건지 아니면 영화다보니 책보다는 장면에 대한 설명이 적어서 그런건지 소설보단 감동이 덜했다.  책 추천!	0
702	낙태에 대해 다시함번 생각하게 되네요 놓쳐버린 생명에 대한 안타까움에 다시는 이런 일이 없어야 겠다 생각했어요좋은 영화~ 감사합니다	1
703	원작에 비하면 4점도 아까운 수준	0
704	재밌는뎅ㅋㅋ이상윤멋있음	1
705	로다주를 아이언맨이 아닌 의사로 보는게 색다른 모습이었고동물좋아하시는 분들에게 강력 추천드립니다. ㄱㅊㄱㅊ 고추 아닙니다.ㅎㅎ 데헷!	1
706	아시아판 펄프 픽션이고...재밌다	1
707	기대보다 잼있게 봤어요	1
708	초반에 보다가 마음 아파서 껏습니다.. 조두순은 발뻗고 잘먹고 있을텐데 진짜 너무 보기 힘들어요 에효....이제 욕도 안나옵니다...	1
709	킬탐은 충분히 했다 소재도 좋았음	0
710	(이 영화를 보지않고 자기결정권을말하지 말라.)낙태가 이런거라고여자들에게 왜 아무도말해주지 않는거죠? 낙태 여자가 겪기에 너무 끔찍한 과정이라는걸 영화보고 알았네요.실화를 바탕으로 한 이 영화젊은분들에게 꼭 추천합니다.청소년 청년들 성교육용으로도좋을것 같아요!	1
711	이제훈님의 팬이어서 보게 되었는데, ㅠ.ㅠ 설득력있는 내용도 교훈도 없었다. 조폭들 돈에 손대면 지옥만이 남는다. 이게 교훈이었던 걸까? 그냥 주제 자체가 '서스펜스 ' 였나보다 만약 다 제쳐두고 긴장감, 박진감만으로 영화를 평할 수 있다면 이 영화는 성공했다.	0
712	본편을 능가하는 속편은 정말 없는건가. 본편의 캐릭터가 그대로 나오는데, 역할이 바뀌니 혼란스럽다. 그리고 생각보다 지루하다.	0
713	크리스탈의 재발견..	0
714	영화 볼만합니다. 정말 전쟁은 나라를 막론하고 끔찍하고 일어나서는 안될일입니다.	1
715	낙태가 그렇게 끔찍하게 이루어지는걸 안다면결코 이루어지지 못할일같아요많은 울림을 주는 영화네요감사합니다.. 좋은영화	1
716	상영관이 없어서 어렵게겨우봤다. 우리나라는 이런 영화만들 생각이 전혀없나? 맨날 범죄영화아니면 반미주의 영화만 양산하는데 스크린쿼터제가 시급하다	1
717	이상한 페미운동이 시작되면서 생명의 존엄성까지 바닥치는 요즘 딱 필요한 내용.	1
718	작년 연말 3대 쓰레기 영화가 아내를죽였다, 나를찾아줘, 감쪽같은 그녀였다면 올해 연말 3대 쓰레기 영화는 이웃사촌, 콜, 도굴이다 이따위 영화를 극장에 걸어두고 돈받는게 날강도심보 아닌가???	0
719	재개봉해서 보고왔는데 옛날 영화지만 현재 극장에 걸려있는 한국영화들보다 잘만든거같다 액션이지만 신비하고 몽환적이다.	1
720	아 내시간 돈만아깝고 인생 최악의 영화하면 떠오르는 영화	0
721	아 내시간 돈만아깝고 인생 최악의 영화하면 떠오르는 영화	0
722	대한민국의 아이들, 엄마아빠 할아버지할머니 이모(부)고모(부) 등등 다 같이 가셔서 보시길 바랍니다.우리 자신의 스토리입니다. 우리 가족의 소중함, 오늘의 주어진 새날에 대한 감사함을 회복할 수 있습니다.꼭, 꼭,  가족들이 다 가서 보시길 바랍니다. 추운 겨울, 가족들의 끈끈한 연합이 더욱 깊어지길 바랍니다.자유민주주의 자유시장 대한민국 화이팅!!	1
723	실제 미국에서 있었던 일을 바탕으로 한 내용이라 현실성 좋고, 생명이 얼마나 소중한지에 대해 다시 생각하게 되는 영화였습니다	1
724	생명은 소중하며, 자신에게 주어진 축복이 화가 되는일은 없어야 할듯요~	1
725	어떠한 것도 생명보다 우선일순 없어요 같은 생명을죽이는데 하나는 살인이 되고 하나는 임신중단이라해서 내 권리다 할순 없는거지요 청년들이 많이 봤으면 하는 영화입니다	1
726	재밌다 유쾌하고 청량감?? 그런 느낌ㅎㅎ	1
727	지금 대한민국에 꼭 필요한 영화. 생명이 얼마나 소중한지를 확실하게 새겔수 있는 보석같은 영화지요. 가족이 함께 볼것을 강추합니다.	1
728	정신이 나가버릴거 같다. 한국 영화의 퇴보	0
729	쯧쯧 이거 왜 상영하는지	0
730	생명이 정말 얼마나 소중한지 일깨워 주는 영화였습니다...	1
731	실화를 바탕으로한 사실 영화이기에 더 실제적이고  진실이기에 감동입니다 태아는 생명이지  떼어낼 물질 티슈가 아님을 여실히 증명해줄 영화  생명과 인권이 무엇인지 보여주는영화 10점만점도 부족하네요 모든 젊은이에게 강력하게추천합시다	1
732	따뜻해요 ㅎㅎ 어릴적 추억이 생각나게 하는 영화에요	1
733	요즘도 이런 사랑이 있을까...60년대부터 80년대에 이르기까지 가장 순수했던  시절의 감정선을 되살리는 대표작이자 배경음악으로도 너무나 유명한 러브스토리	1
734	완벽 그자체..너무 좋네요 영화우리 삶이 다 녹아내린거 같은 그런 영화예요	1
735	아진짜 한석규 배우님 볼라고 간만에 본영화인데 당췌 몬소린지ㅜㅜ그리고 경구님의 옹아리 연기는 정말 이해1도안갔음ㅜ시간아깝고 배우들 아까운 영화	0
736	킬링타임용으로 가볍게 즐기기에 좋은 영화인 것 같다. 재밌었음	1
737	저의 인생영화에요. 셀 수 없이 많이 봤지만 아무리 봐도 질리지 않습니다. 볼때마다 느낌이 다릅니다~~	1
738	불완전성이 나를 나로 만든다 라는 부분이 참 좋았음. 주인공이 훤칠하지 않아도, 전형적인 미남상이 아니어도 되는 상황의 타당성과 교훈을 동시에 제시하는 장면이었기에 너무 좋았던 것 같음.	1
739	피아니스트가 전쟁에서의 민간인으로서의 참혹한 삶과 두려운 현실, 삶에 대한 희망과 좌절까지도 잘 그려낸 영화라고 하면, 저니스 엔드는 전쟁, 그것도 최전선의 군인으로서의 명예와 영광 같은 것은 전혀 와닿지 않는 죽음만을 기다리는 참담한 오늘과 절망스러운 내일에 대해 무덤덤하게 잘 그려냈다고 할 수 있다. 서사가 단순하고 매 장면이 너무 조용하다고 생각할 수도 있겠지만, 암담한 상황을 통해 주어지는 긴장감과 압박은 상상을 초월한다. 1917은 전령병이 된 주인공이 사명감과 형제애, 전우애를 가지고, 또 죽지 않으려 나아갈 앞이라도 존재한다는 점에서 희망이 있기야 하지만, 나아갈 앞도 도망칠 뒤도 일말의 사명감조차도 주어지지 않은 이 영화는 진짜 억지로 행복회로 돌려서 만들어낼 수 있는 희망조차도 없는 걸로는 끝판왕이 아닐까 싶다. 전쟁이 얼마나 무의미하고 참혹한 지 알고 싶다면, 군인도 한 명의 사람인 이상 전쟁 속에서 어떻게 무너져가는 지 보고 싶다면, 그저 눈물 흘리고 싶다면 이 영화를 보는 것도 좋을 것이다.	1
740	처음 봤는데 정말 생각보다 내용 이해가 어렵네요..그래서 별 두개만..한 5번은 봐야 알듯..	0
741	기대 안하고 봤다가 빵 터졌네요. 가족영화로 좋았습니다.	1
742	태아를 사랑하게 되는 영화입니다. 젊은 청년들에게 강력추천합니다ㅡ 생명중시하는 따뜻한 영화입니다ㅡ 아이들과도 봐도 좋을 만큼 가슴 따끗해집니다. 크리스마스에 보면 좋을 가족영화입니다.	1
743	생명을 살리는 감동되고 깊이있는 영화네요 강강추입니다!!!	1
744	처음에 리얼 낙태하는 장면 보고눈물이 났어요이 영화를 보고 낙태를 다시 생각하게되고 낙태를 생각하는 사람이나 성에 무지한 사람들이 이런 영화를보고 경각심을 느꼈으면 합니다	1
745	스토리는 그닥.. 그냥 그랬는데 이준 연기 너무 잘하네	1
746	미쳤음 그냥 보는 내내 눈물 쭐쭐 한 바가지나 흘린 듯	1
747	남자만이라도 다른 배우였다면.... 역겹다.	0
748	남주혁 왜케 멋있엉 ㅎㅎ	1
749	단백하고 많이 현실적이어서 좋았어요. 둘중 한 명이라도 아니면 힘들어지는데.. 둘다 말하지않아도 자연스럽게 타이밍을 느낀거겠죠? 이것은 슬픔보다는 시간이지나서 두 사람 모두에게 소중하고 고마운 기억들이될테죠..추억으로 두고두고 살면서 꺼내볼 수 있는 평범한 20대의 열정적인 사랑의 기억. 끝이 이루어지지 않았어도 그런 기억이 없거나 아무일도 일어나지 않은것 보다는 훨씬 나을거에요. 특히 조제에게는..그래도 업히는것을 좋아하던 조제였는데, 이미 자주 할 수 없다는것을 예견한것일까요.. 끝에 혼자서 잘만 굴러가는 자동 전동차를 탄..뒷모습이 씁쓸하고 슬펐네요.	1
750	G2R을 무지개애색깔로 해라	0
751	톰멋져요ㅜㅜ마지막에서넘슬프고감동이네요ㅜㅜ가족대화는스트레스엿어요ㅜ산타아줌마매력잇네요ㅎ	1
752	잔잔하고 자연스럽게 재밌다...찬실이에겐 장국영도 있고..복도 많네	1
753	무슨내용인지도 모르고 봤는데 괜찮았고... 왜 박정민~박정민 ~ 하는지 알게됐음	1
754	좋은영화 .연기가 정말좋다.잔잔하다 그러나 지루한감이 없지않은영화	1
755	평점조작에 당햇다..	0
756	영화같은 스토리가 아닌 영화어딘가에서 조제가 자신의 삶을 잘 살아 가고 있을 것 같은 기분이 들었어요.세상 많은 조제를 응원합니다.	1
757	넷플릭스 시청ㅡ너무 재밌어요~독립영화 많이 있었으면 좋겠어요	1
758	너무 영화가억지스러워요..	0
759	어쩐지 머지 않아 현실로 닥칠 것같은 예언같은 영화입니다! 일본 영화 특유의 절제된 유머와 무릎을 탁치게 만드는 상상력이 돋보이는 수작!!!	1
760	아아아! 너무너무 재밌어요! 저도 산타의 선물을 받고 싶어요!	1
761	1편보다가 너무 재미있어서 2편 봤다는게 너무 공감되네요 우연히 본 넷플릭스영화, 동심을 깨워주는 소재로 스토리에 잘 녹여져 집중하고 풀로 봤네요~! 따뜻한 마음을 느끼고 싶으시다면 추천해요!	1
762	와오아오아오아오아오어아오앙	0
763	바티칸, 이탈리아 여행 다녀와서 보니까 더 흥미롭네요!	1
764	생각없이 보는게 좋은듯	0
765	시진핑핑이는 곰돌이를 싫어해요 흐규흐규	0
766	ㅎㅎㅎ짬뽕 불렀다...먹으면서 봐도 이해가 됨.와중에 김소연 예쁨.	1
767	저는 똑똑해서 모두 이해 했습니다. 사랑합니다 감독님. 그리고 닐...ㅎ	1
768	큰 기대없이 봤다가 인생영화  본듯완성도나 구성 탄탄하여 마냥 무거운 이야기일줄 알았는데 가슴아픔이 감동과 가슴따뜻함으로 품어주듯이 마무리되어 너무 감동적으로 감탄하며 봤네요울딸들과 함께 꼭 다시 보러 가려고요두고두고 봐도 좋을 소장각 영화입니다	1
769	자신이진짜 공포영화잘본다 or극한의 무서움을 느끼고싶다 는 사람새벽에 불 다꺼놓고 혼자보셈 소리 풀full로하고 나 최근에 시도하다가 한달에가위 2번눌림....	1
770	너무좋다. 이런 따뜻한 영화. 많이많이 나오길...	1
771	쾌락의 열매를 숨기려는낙태행렬,저항할수없는 태아.태아는 힘없는 사랑받아야할생명이다	1
772	<조제, 호랑이 그리고 물고기들>의 감동을 앗아간 한국의 조제는 너무나 예쁜데 어둡고, 저음의 목소리도 우울해서 조제라는 이름과도 안 어울리더라구요. 감독님의 영화를 만들지, 왜 리메이크를 했는지 참으로 궁금했습니다.	0
773	이 영화를 보면 죽지 못할 것 같다. 도대체 뭘 하려고 영화를 만들었는지 모르겠다.	0
774	이것을처음봤을때 뭔가어디서본거같은생각이자주 떠올라서재밌었다	1
775	무맥락  개연성 제로   보느라 힘들엇네요	0
776	코로나로 힘든시기에 큰 위로와 감동 받았네요....^^	1
777	옛날 미국 공포 영화라 그런가 별로 무섭지 않았고 귀신 연출들이 조금 어설프게 느껴졌다.	1
778	마지막 범죄자를 응징하는 신이 포인트입니다.질릴만큼 길게 범죄자를 응징합니다.범죄자가 이 영화를 본다면 죄고의 영화!!~다시는 성범죄를 저지르지 않을 영화!!!!찐 영화평^^	1
779	매그가 죽고 매그 남편은 에이미랑 결혼하고 로리는 베스랑 결혼했으면 했는데	1
780	9점대라 기대하고 봤는데 지루한 추리극은 나랑 안맞네	0
781	벌써 10년전영화군...그당시에 진짜 사투리를 지금처럼썻을까	0
782	아빠가 죽기전에 수화로 얘기하는 장면은 진짜..ㅠㅠ 글고 여기 명대사들 상태가?..ㅋㅋ	1
783	보고나면 정신이 번쩍듭니다ㅜㅜ	1
784	영화분위기 너무좋다 리메이크도잘한듯	1
785	그냥 꼭보세요 꼭!! 휴지 반드시 챙겨가세요~그냥 슬픈영화가 아닙니다보고나면 세상이 달리 보일것입니다	1
786	신랑되신 예수님이 다시 오심을 기다리는 정결한 예복을 준비한 신부로 깨어 기도하라는 메세지가  은혜롭습니다	1
787	모가 잼있다는건지..졸려 죽는줄 알았구만..댓글 알바를 쓰는건지. 진짜 내 눈이 이상한건가...이게 평점이 저리 높다고??.이해 불가인데	0
788	중2스러운 말투 남발과 뻔한 스토리(이 클리셰 저 클리셰 엄청 집어 넣음),스토리가 뻔하면 매끄럽게라도 진행해야 하는데 툭툭 끊김. 액션도 그닥...? 그런데 감동도 없음...하...ㅜㅜ 이번 영화 보고 얻은 교훈은 그 만화 팬들이 관람객의 대부분을 차지하는 영화는 평점을 믿지 말자는 것. 원래 3점 주려고 했지만 평점이 너무 높아서 1점 줍니다.	0
789	원치않는 임신을 한 여성들을 도와주겠다는 일념으로 시작했던 그일이 어떤 계기를 통해 낙태는 결국 생명을 죽이고 여성들도 약물과 수술의 부작용.정신적 피해에 시달리게 한다는 것을 알게 된 주인공. 생명운동가로 변모하게 된것이 가장 인상깊었다 그리고 중간중간 코믹한 장면도 나와 보는내내 감동과 웃음이 교차되어 좋았다 이 영화를 모든 사람이 봤으면 한다 또한 중.고등학생들에게 이만한 성교육이 있을까 싶다^^ 글고 OST 진짜 짱 좋음!	1
790	스트레스 안받고 가볍게 볼수있는 유쾌한 영화!~극중 캐릭터하나하나 매력적이었습니다~	1
791	그냥 마무리가 좋았다. 4편으로 가기위한 전개가 좋았음	1
792	삶을 돌아보게 되고, 이 순간 살아있음에 감사함을 느끼며 저도 모르게 눈물이 주룩주룩...ㅠㅠ 코로나로 힘든 시기에 마음만큼은 따뜻한 크리스마스가 되기를...	1
793	좋네요 스텝포드 와이프	1
794	당당이 너무 귀엽고ㅎㅎ 아이가 너무 좋아했어요	1
795	미국영화 2007년작 P2 베끼고 마지막은 황당하게 정리하고	0
796	넘 귀여운걸 오뚀케,,,ㅠㅠ	1
797	와우 헨리 딱어울림..속편 나왔으면함~정말 잘봤슴	1
798	당당이가 너무 귀여워요ㅎㅎ	1
799	전형적인 c급 영화ㅜㅜ	0
800	낙태 이면에 있는  거대회사의 음모...태아는 잉태되는 순간부터  고귀한 생명입니다	1
801	러셀 크로우의 연기는 정말 좋은데 뭔가 영화가 전체적으로 답답 짜증남.. 소재 때문인가 ㅋㅋ 보복 운전자 역 화나고 세상 미친 또라인데 애엄마도 좀 짜증나는 이유는 뭘까 ㅋㅋㅋ 애엄마는 처음부터 신경 예민하고 띠꺼운 거 같음 아니ㅋㅋ 차 막히면 그만큼 일찍 출발하면 되는 거 아님? ㅈㄴ 늦게 일어나놓고는 빈둥대다가 운전하면서 차 막힌다 열폭하는데ㅜㅋㅋㅋ	0
802	ㅅㅂ 미친건가 돌았네 아니 지들이 싼 똥 지들이 덮으려고 쌩 난리를 치네	0
803	별 열개도 부족한 영화다.평가 하는 자체가 영화에 대한 모독이다.	1
804	내면이 성숙해질수록 이해하고 공감할 수 있는 부분이 많아진 영화인것 같다. 아마 OO 전에 봤다면 이 영화가 지루했다고 생각했을지도 모르겠다	1
805	종강기념 집에서만 대학생활을 보낸 분들께 꼭 보라고 하고싶어요. 3시간을 투자했지만 시간이 아깝지 않았어요 여운이 오래남는 영화네요.. 왜 이걸 이제서야 봤을까요	1
806	악인 한명살리고 길러준 같은편 수십명을 죽이는 배트맨..  기르던 개에게 물려죽는다는 스토리 전개에 쓰레기 스토리 스타트를 보여줌.내가 작가라도 더 좋은 스토리 전개를 보여주겟다고 느끼면서 보는 내내 스트레스를 받는 영화.강추! 당신의 인내심을 기르고 싶고 이해불가 스토리를 느끼고 싶다면..	0
807	영화를 본 후 나는 낙태가 죄라는 생각을 해본다.생명을 소중히 여기는 마음~ 우리안에 있기를 원한다. 이땅에 아름답지 못한 사랑을 만드는 모든 어둠이 떠나가길 원한다.	1
808	진짜 최고의 영화 누구에게 추천해도 되는 영화 인생에 대해서 생각한 영화	1
809	편집 좋같이 했네...	0
810	재미있는 코미디 영화네요. 북극곰들은 엄청 추운곳에서 살기때문에 따뜻한 우리나라에선 추위를 많이타죠.	0
811	네이버에서 다운 받아본 기생충. 아직까지도 좋아하는 씬을 돌려본다. 참 재밌다	1
812	우디 앨런은 수양딸을 성적으로 학대한 혐의를 받고 있으며, 로만 폴란스키는 미성년자와 불법 성관계로 유죄 판결을 받았다. https://www.mk.co.kr/star/movies/view/2020/09/939318/#	0
813	영화는 안봤지만 중국이라 1점	0
814	재밌구만 가볍게 봐라 진지하게 보지말고	1
815	큰 기대 안하고 봤는데 연기자들 연기 좋네요!!! 이런 영화를 계기로 나쁜놈들이 제대로 된 죗값을 법적으로 치르는 날이 왔으면 좋겠습니다.	1
816	혈연을 색다르게 다룬 영화 어디없나 싶으면 바로 이 영화.	1
817	평점이 쪼금 낮다...	1
818	기대 안 하고 봤는데 빵빵 터졌음. 스토리는 살짝 빈약하지만 구성이 재미나고 메시지도 있음.	1
819	아이맥스 재개봉으로 볼 수 있어서 영광이었습니다	1
820	대본이 훌륭하다고 할수는 없지만 배우들이 연기가 너무 좋네요ㅎㅎ 진짜 아무생각 없이 채널 돌리다가 시작하길래 봤는데 꽤 볼만합니다^^ 김동욱님 연기 아주 칭찬해요ㅋㅋ	1
821	도둑들 옛날버전 느낌이었ㅋㅋㅋ	1
822	작년 영화관가서 본 1인. 스토리전개도 연출도 지루했었음.	0
823	코미디영화로서의 역할을 다 했다.	1
824	요즘들어 꿈에서 자꾸 타임루프해서 쫏기는 꿈을 꾼다...그래서 나비효과 또봤음 ㅎㅎㅎ	1
825	내가사는이유?내 소중한 사람들을 위해	1
826	절라재밋음 진짜 방금 또 보고옴	1
827	수면부족인데 계속 보고 있었어.오랫만에 집중해서 본 영화.한번 더 볼까	1
828	세비지 청춘에 대한 공감	1
829	천국과 지옥이 있다면 그 천국은 마냥 천국도 아닐겁니다	1
830	독전보다 이 영화다	1
831	아니   마지막에   점마들   벌받는거까지는  보여줘야지  이양반들아	0
832	스토리가 너무 뻔해서 예상하는 대로 다 흘러감;;	0
833	대깨민국은 왜 이런 영화를 못만들까?대깨민국엔 이런 언론인들이 없으니까!	1
834	누구나 아니 보통은 부모님을 떠나보내드릴때가 있습니다.  저도 그 날이 생각나 촉촉해지네요.  잘 계시겠지요. 영화속 두  분의 아픔도 옅어질거예요. 살다보면요. 여동생이 보고 싶어지네요.지금은 조금 소원해진...  내가 미안해.	1
835	'1930년대 독일 과학자가 인류를 위한 꿈으로, 나치가 망할때까지 로켓 미사일을 열심히 만들었다'라는 영화가 나왔어봐.  거기에 사랑이야기와 주인공의 미사여구를 아무리 갖다붙여도 독일에서 엄청 까였을꺼야... 아니 진짜 정의로웠으면 중간에 때려치고 망명가거나 사랑하는 사람 옆에 있었겠지	0
836	개봉과 동시에 영화관에서 봤을때는 막 성인이 됐을 때였어요. 그땐 사실 어떤 장면이 어떤 내용 내포하는지도 잘 몰랐지만, 신기하게도 이 영화는 내 인생영화다 라는 생각이 강하게 들었어요.최근에 넷플릭스에 인턴이 들어오게 된 걸 알고 너무 반가운 마음에 다시 보게 됐어요.5년전에 봤을 때의 감정과는 전혀 다른 느낌이 들더라구요. 엔딩크레딧이 올라가는데도 여운이 남아서 자리를 뜨지 못한 건 이번이 처음인 것 같아요.연출하는 장면과 에피소드가 모두 좋았고 또 몇번을 울컥했는지 몰라요. 유쾌한 부분도 있어서 좋았습니다.저에게 다양한 생각을 들게 해준 영화라서 꼭 리뷰를 작성하고 싶었어요. 10대 20대 30대 40대에도 계속 보고싶은 인턴, 너무 잘 봤습니다.	1
837	Shit happens. But life goes on	1
838	(이견의 여지가 없는)명작이다.더스틴 호프만(짱임)성추문으로 빛이 바랬지만...	1
839	감동입니다ㅠㅈ밌아요!	1
840	영화가 전체적으로 너무 지루해여.. 일본영화 특징인가	0
841	노래도 너무 좋고 즐기며 봤습니다~!! 재미있어요 ㅎㅎ	1
842	인셉션, 인터스텔라, 그리고 이번의 테넷은 한번만 봐선 안되는 영화인게 분명함. 테넷의 연출력은 그 어떤 감독도 생각하지 못했던 것일수도...	1
843	이 영화를 보면 어린 시절의 내 모습과 어림풋하게 기억나는 사랑을 생각나게 해주는것 같아요. 이 영화를 본 후 여운도 많이 남았고 앞으로도 생각날때마다 보게될 영화.	1
844	끔찍하다는 표현은 이 영화를 향한 최고의 찬사다.	1
845	블랙코미디? 재미없는 조롱인데	0
846	김기덕 감독의 영화가 왜 평가가 좋은지 알게 해 준 작품	1
847	현재란 실재하는 것일까 아니면,과거와 미래만 존재하는 것인가	1
848	민주주의를 위해 치열하게 살았던 사람들의 이야기그때 우리는 뭐하고 있었나.지금은 자본주의시대에 물들어 너도나도 의식없이 살아가는것을 꼬집는 감독의 외침인것 같습니다.정치인도 종교인도 그냥 편하게 살고 싶은 지금의 세상. 나라의 어른이 없는세상.너도 나도 그때를 생각하며 의식을 깨우자라는 이야기같습니다. 감동있습니다.	1
849	재밌어요... ㅠㅠ 진짜 재밌었어요	1
850	영화를  보다가 나오기는 처음이네요 코믹이라고 해서 기대하고 봤는데 시간이 넘  아까워서 그냥 나왔음	0
851	가공된 진실에 대한 팩트 폭력	1
852	생각보다 너무 재밌게봄 특히 두배우들의 연기가 좋았어요	1
853	이건.. 멜로영화가 아닙니다 진짜.. 너무 울어서 영화 못보겠다 싶은건 처음	1
854	10-20대 청년들이 꼭꼭 봐야하는 영화 입니다 !!	1
855	진짜 최고다~!!!올해 본 영화중 두번째로 재밌었어요~~~^^	1
856	이영화 보고 난뒤  잠을 못잡니다.ㅜㅜ  너무너무 마음이 아려요.ㅜㅜ	1
857	영화를 볼때는 무슨내용인지 이해가 안갔지만 후반으로 갈수록 가슴이 먹먹해지다가 영화가 끝나고나서야 펑펑 운 영화,, 여운이 길어요,, 올겨울 꼭 추천하는 영화입니다	1
858	머냐 이병맛 중퀴벌레 영화는	0
859	주인공의 연기가 좋았고 음악과 펼쳐지는 바닷가의 경치가 플러스 플러스입니다. 영화관에서도 꼭 보고 싶네요	1
860	현재 이 시간에 이 사회에서 벌어지는 팩트이다. 인권이라는 미명하에 사람을 죽이는 위선자들:  페미니스트들 , 인권운동가들, 낙태찬성 정치인들, 딥스테이트들,언론들	1
861	오래된 영화지만 스릴있게 재밌게 봤네요	1
862	남자도잘못해지만 저런여자는 진짜밉상이다 화날만하다~~	0
863	차라리...독립영화에 투자하시지...	0
864	감독님의 연출의도는 어렴풋이 이해할수 있을것 같습니다. 거의 마지막 장면 눈위에 남편이 지나간 발자국을 거꾸로 지나가는 장면이 기억에 남습니다. 때로 우리는 같은곳을 향해 걷고 있지만 시간과 방향이 다를때가 많기도 하다는 지극히 현실적이지만 서글픈 나 자신도 생각해 봅니다.	0
865	아이들싸움을 이렇게 발전시켜 개 싸움으로 만드나 ...	0
866	조제가 사랑하는 중에도 웃는 모습이 한번 없어 연애전후의 차이를 느낄수가 없었음. 시종일관 음울해서 장애를 떠나 저런 성격과는 못 살겠다 싶었음. 원작에선 분명 사랑했던 순간의 조제는 달랐는데. 그리고 남주혁 캐릭터를 초반에 이 여자 저 여자 만나는 스타일로 나오는데 굳이 필요한 설정이었나 의문.	0
867	학교 선생님들의 폭력의 대한 트라우마가 이 영화를 접하고 그들을 조금은 이해할 수 있었다.	1
868	정말 재밌게 잘봤어요.	1
869	5세 아이 책을 너무 재밌게 읽어서 영화로 보여줬는데너무 재밌게 보네요 원작을 크게 흩트리지 않아 좋아요영화 잔잔하니 아이들과 같이 보기 좋네요	1
870	낙태는 살인 행위라는 것과  태아도 존중받고 보호 받아야 될 귀한 생명체라는 것을 깨닫게 되는  정말 강추하고 싶은 영화입니다~~진짜 찐 감동입니다~~♡	1
871	아니 생물선생은 때려도 건물에서 떨어져도 왜 안죽어?	0
872	김종관 감독은 상업영화 연출은 힘들어보입니다.변화가 필요해보입니다.연출 스타일을 바꾸거나 다른 이야기를 해보세요.	0
873	있는 사람들은 결코 모르는 없는자의 지극히 현실적인 상황을 담담히 풀어낸다. 절제를 아는 치밀한 연출에 박수를 보내며...	1
874	영화의 배우보다 이쁘게 잘생기게 나왔다 퀄리티도좋고 재미도 있고, xx [6점] 합계: 13점	1
875	진짜 몰입도 쩔어요!!!꼭 보세요ㅠ다음 시즌 안나오나요ㅠ	1
876	왜 1000만 영화인지 노이해 픽사랑 비교해봐라 얼마나 스토리가 OO인지 엘사 성격 줫나 이상	0
877	기대 안하고 보면 볼만합니다	1
878	낙태에 대한 실화라는 것. 그리고 실제로 낙태를 수천번 시행하도록 한 사람의 이야기라는 것에 설득되어 보게 되었습니다. 다시한번 낙태의 현실에 대해서 보게 되었습니다. 언론에서 말하는 낙태, 여성인권이 과연 인권인지.. 태아의 생명으로서의 소중함을 일깨워줬습니다..	1
879	절대반지는 소유하고 있는 사람의 마음을 병들게하고 나약하게 만드는데 그걸 버티고 이겨낸 프로도가 대단하다고 생각함..물론 샘이 없었으면 이겨내지 못했을거임...	1
880	말이 필요없다....	1
881	간만에 재밌고 웃기고 감동있는 영화 봤다 ㅋㅋㅋ 최고	1
882	가슴을 쓸어내면서 영화를 봤습니다. 다시금 생명의 소중함을 알았습니다.용기있는 행동에 박수를 보냅니다. 많은 이들이 봤으면 좋겠습니다.응원합니다~!!	1
883	영화를 보고 이렇게 까지 감동받고 복받쳐 오르는 감정을 느껴본 적이 없는 것 같네요. 아기는 잉태되는 순간부터 우리와 같은 생명이고 함부로 할 수 없다는 생명의 소중함을 절실히 깨달았습니다.모든 분들께 강추입니다.	1
884	내가 예수 그리스도의 이름으로 권위 있게 말하노니, 어리석은 여자여 사통이 아름다운 것인 줄로 착각하지 마라. 너의 순결은 네 생명보다 소중한 것이니라. 그리고 남자여 여자가 네 삶의 목적이 되어서는 안될지니라. 그것은 부끄러운 일이니라. 아멘.	0
885	질질 끌지 안고 그냥 대가리에 총구녕부터 내서 사이다	1
886	퀼이 떠나기 전 어렸을적 돌봐준 엄마가"이제  그리 애쓰지 않아도 돼" 라고 할 때 펑펑 울었습니다.. ㅠㅠ	1
887	정말 정말 정말 좋은 영화. 모두가 이 진실을 반드시 알아야 한다. 꼭 보세요!!!! 평론가들 편파적인 평과 점수 정말 토악질난다.  살인반대가 구시대적발상이라고? 깨시민인척 제발 그만... 올바른 양심과 도덕이 진짜 세련되고 선진시민인 거예요..	1
888	그냥 개무서눔 심장ㅁ터지는줄	1
889	나쁘지 않았지만 마지막 장면이 거슬린다.전세계 인구비율을 보았을 때 10영중 6명은 아시아인이고 아프리카 1.5  유럽 1.5인데 ,미래를 볼수있는 뱃지를 받은 사람중 아시아인은 일본인  한명이네. 망하고 있는 일본인 딱 한명 아시아인으로 묘사하는걸로 봐서 감독이 백인우월 주의자는 아니지만 북아메리카 유럽이 우선순위라는 내재적 선입견이 있는것만은 분명해보인다.	0
890	지금시대상에 맞지 않지만 감동적이었다.배우들의 연기도 좋았고 김보연은 정말 예뻤다.	1
891	재밌다 그냥 봐라	1
892	내가 예수 그리스도의 순결한 이름으로 말하나니, 이 더러운 것을 만든 자는 반드시 저주 받을 것이며, 이를 소비하는 음란한 여자들도 회개하지 아니하면 반드시 비참해지리라. 이런 음란물이 다운로드 순위 3위라니, 오 신이시여.	0
893	후기가 별로 안좋아서 기대를 안했는데 생각보다 재미있었습니다!킬링타임용으로 나쁘지 않은 것 같아요!	1
894	정유미가 아니였다면 김지영에 대한 논쟁도 안일어났을듯하다. 그래도 사랑받던 정유미가 했기에 미워할수도 예뻐할수도 없는 그저 김지영을 바라봤다. 이 영화는 여자가 겪는 고초와 사회의 시선이 노골적으로 보일지도 모르지만 한번쯤은 모두가 생각했어야할 문제를 다뤘을 뿐이다. 자신 아내의 입장에서 하루라도 생각해보며 살아라 맨날 바쁘다고 자기만 생각하지말고 내 아내가 참 다행이라 생각든다.	1
895	스토리는 평범하지만 최고의배우들이 연기해서 평범한 영화가 아닌 최고의 영화가 되었다.모든게 좋았던 영화.특히 감독님에게 감사하다.	1
896	노래가 너무 좋아서 최고	1